ERROR 2026-03-13 01:02:05,552 log Internal Server Error: /
Traceback (most recent call last):
  File "/home/mrazim/Projects/DRF/env/lib64/python3.13/site-packages/django/db/backends/utils.py", line 105, in _execute
    return self.cursor.execute(sql, params)
           ~~~~~~~~~~~~~~~~~~~^^^^^^^^^^^^^
psycopg2.errors.UndefinedColumn: column user_user.first_name does not exist
LINE 1: ... "user_user"."last_login", "user_user"."user_id", "user_user...
                                                             ^
HINT:  Perhaps you meant to reference the column "user_user.firstname".


The above exception was the direct cause of the following exception:

Traceback (most recent call last):
  File "/home/mrazim/Projects/DRF/env/lib64/python3.13/site-packages/django/core/handlers/exception.py", line 55, in inner
    response = get_response(request)
  File "/home/mrazim/Projects/DRF/env/lib64/python3.13/site-packages/auditlog/middleware.py", line 69, in __call__
    with set_extra_data(context_data=self.get_extra_data(request)):
                                     ~~~~~~~~~~~~~~~~~~~^^^^^^^^^
  File "/home/mrazim/Projects/DRF/env/lib64/python3.13/site-packages/auditlog/middleware.py", line 62, in get_extra_data
    context_data["actor"] = self._get_actor(request)
                            ~~~~~~~~~~~~~~~^^^^^^^^^
  File "/home/mrazim/Projects/DRF/env/lib64/python3.13/site-packages/auditlog/middleware.py", line 53, in _get_actor
    if isinstance(user, get_user_model()) and user.is_authenticated:
       ~~~~~~~~~~^^^^^^^^^^^^^^^^^^^^^^^^
  File "/home/mrazim/Projects/DRF/env/lib64/python3.13/site-packages/django/utils/functional.py", line 280, in __getattribute__
    value = super().__getattribute__(name)
  File "/home/mrazim/Projects/DRF/env/lib64/python3.13/site-packages/django/utils/functional.py", line 251, in inner
    self._setup()
    ~~~~~~~~~~~^^
  File "/home/mrazim/Projects/DRF/env/lib64/python3.13/site-packages/django/utils/functional.py", line 404, in _setup
    self._wrapped = self._setupfunc()
                    ~~~~~~~~~~~~~~~^^
  File "/home/mrazim/Projects/DRF/env/lib64/python3.13/site-packages/django/contrib/auth/middleware.py", line 39, in <lambda>
    request.user = SimpleLazyObject(lambda: get_user(request))
                                            ~~~~~~~~^^^^^^^^^
  File "/home/mrazim/Projects/DRF/env/lib64/python3.13/site-packages/django/contrib/auth/middleware.py", line 19, in get_user
    request._cached_user = auth.get_user(request)
                           ~~~~~~~~~~~~~^^^^^^^^^
  File "/home/mrazim/Projects/DRF/env/lib64/python3.13/site-packages/django/contrib/auth/__init__.py", line 311, in get_user
    user = backend.get_user(user_id)
  File "/home/mrazim/Projects/DRF/env/lib64/python3.13/site-packages/django/contrib/auth/backends.py", line 232, in get_user
    user = UserModel._default_manager.get(pk=user_id)
  File "/home/mrazim/Projects/DRF/env/lib64/python3.13/site-packages/django/db/models/manager.py", line 87, in manager_method
    return getattr(self.get_queryset(), name)(*args, **kwargs)
           ~~~~~~~~~~~~~~~~~~~~~~~~~~~~~~~~~~^^^^^^^^^^^^^^^^^
  File "/home/mrazim/Projects/DRF/env/lib64/python3.13/site-packages/django/db/models/query.py", line 629, in get
    num = len(clone)
  File "/home/mrazim/Projects/DRF/env/lib64/python3.13/site-packages/django/db/models/query.py", line 366, in __len__
    self._fetch_all()
    ~~~~~~~~~~~~~~~^^
  File "/home/mrazim/Projects/DRF/env/lib64/python3.13/site-packages/django/db/models/query.py", line 1935, in _fetch_all
    self._result_cache = list(self._iterable_class(self))
                         ~~~~^^^^^^^^^^^^^^^^^^^^^^^^^^^^
  File "/home/mrazim/Projects/DRF/env/lib64/python3.13/site-packages/django/db/models/query.py", line 91, in __iter__
    results = compiler.execute_sql(
        chunked_fetch=self.chunked_fetch, chunk_size=self.chunk_size
    )
  File "/home/mrazim/Projects/DRF/env/lib64/python3.13/site-packages/django/db/models/sql/compiler.py", line 1622, in execute_sql
    cursor.execute(sql, params)
    ~~~~~~~~~~~~~~^^^^^^^^^^^^^
  File "/home/mrazim/Projects/DRF/env/lib64/python3.13/site-packages/django/db/backends/utils.py", line 122, in execute
    return super().execute(sql, params)
           ~~~~~~~~~~~~~~~^^^^^^^^^^^^^
  File "/home/mrazim/Projects/DRF/env/lib64/python3.13/site-packages/django/db/backends/utils.py", line 79, in execute
    return self._execute_with_wrappers(
           ~~~~~~~~~~~~~~~~~~~~~~~~~~~^
        sql, params, many=False, executor=self._execute
        ^^^^^^^^^^^^^^^^^^^^^^^^^^^^^^^^^^^^^^^^^^^^^^^
    )
    ^
  File "/home/mrazim/Projects/DRF/env/lib64/python3.13/site-packages/django/db/backends/utils.py", line 92, in _execute_with_wrappers
    return executor(sql, params, many, context)
  File "/home/mrazim/Projects/DRF/env/lib64/python3.13/site-packages/django/db/backends/utils.py", line 100, in _execute
    with self.db.wrap_database_errors:
         ^^^^^^^^^^^^^^^^^^^^^^^^^^^^
  File "/home/mrazim/Projects/DRF/env/lib64/python3.13/site-packages/django/db/utils.py", line 91, in __exit__
    raise dj_exc_value.with_traceback(traceback) from exc_value
  File "/home/mrazim/Projects/DRF/env/lib64/python3.13/site-packages/django/db/backends/utils.py", line 105, in _execute
    return self.cursor.execute(sql, params)
           ~~~~~~~~~~~~~~~~~~~^^^^^^^^^^^^^
django.db.utils.ProgrammingError: column user_user.first_name does not exist
LINE 1: ... "user_user"."last_login", "user_user"."user_id", "user_user...
                                                             ^
HINT:  Perhaps you meant to reference the column "user_user.firstname".

ERROR 2026-03-13 01:02:05,558 basehttp "GET / HTTP/1.1" 500 183118
ERROR 2026-03-13 01:02:05,810 log Internal Server Error: /favicon.ico
Traceback (most recent call last):
  File "/home/mrazim/Projects/DRF/env/lib64/python3.13/site-packages/django/db/backends/utils.py", line 105, in _execute
    return self.cursor.execute(sql, params)
           ~~~~~~~~~~~~~~~~~~~^^^^^^^^^^^^^
psycopg2.errors.UndefinedColumn: column user_user.first_name does not exist
LINE 1: ... "user_user"."last_login", "user_user"."user_id", "user_user...
                                                             ^
HINT:  Perhaps you meant to reference the column "user_user.firstname".


The above exception was the direct cause of the following exception:

Traceback (most recent call last):
  File "/home/mrazim/Projects/DRF/env/lib64/python3.13/site-packages/django/core/handlers/exception.py", line 55, in inner
    response = get_response(request)
  File "/home/mrazim/Projects/DRF/env/lib64/python3.13/site-packages/auditlog/middleware.py", line 69, in __call__
    with set_extra_data(context_data=self.get_extra_data(request)):
                                     ~~~~~~~~~~~~~~~~~~~^^^^^^^^^
  File "/home/mrazim/Projects/DRF/env/lib64/python3.13/site-packages/auditlog/middleware.py", line 62, in get_extra_data
    context_data["actor"] = self._get_actor(request)
                            ~~~~~~~~~~~~~~~^^^^^^^^^
  File "/home/mrazim/Projects/DRF/env/lib64/python3.13/site-packages/auditlog/middleware.py", line 53, in _get_actor
    if isinstance(user, get_user_model()) and user.is_authenticated:
       ~~~~~~~~~~^^^^^^^^^^^^^^^^^^^^^^^^
  File "/home/mrazim/Projects/DRF/env/lib64/python3.13/site-packages/django/utils/functional.py", line 280, in __getattribute__
    value = super().__getattribute__(name)
  File "/home/mrazim/Projects/DRF/env/lib64/python3.13/site-packages/django/utils/functional.py", line 251, in inner
    self._setup()
    ~~~~~~~~~~~^^
  File "/home/mrazim/Projects/DRF/env/lib64/python3.13/site-packages/django/utils/functional.py", line 404, in _setup
    self._wrapped = self._setupfunc()
                    ~~~~~~~~~~~~~~~^^
  File "/home/mrazim/Projects/DRF/env/lib64/python3.13/site-packages/django/contrib/auth/middleware.py", line 39, in <lambda>
    request.user = SimpleLazyObject(lambda: get_user(request))
                                            ~~~~~~~~^^^^^^^^^
  File "/home/mrazim/Projects/DRF/env/lib64/python3.13/site-packages/django/contrib/auth/middleware.py", line 19, in get_user
    request._cached_user = auth.get_user(request)
                           ~~~~~~~~~~~~~^^^^^^^^^
  File "/home/mrazim/Projects/DRF/env/lib64/python3.13/site-packages/django/contrib/auth/__init__.py", line 311, in get_user
    user = backend.get_user(user_id)
  File "/home/mrazim/Projects/DRF/env/lib64/python3.13/site-packages/django/contrib/auth/backends.py", line 232, in get_user
    user = UserModel._default_manager.get(pk=user_id)
  File "/home/mrazim/Projects/DRF/env/lib64/python3.13/site-packages/django/db/models/manager.py", line 87, in manager_method
    return getattr(self.get_queryset(), name)(*args, **kwargs)
           ~~~~~~~~~~~~~~~~~~~~~~~~~~~~~~~~~~^^^^^^^^^^^^^^^^^
  File "/home/mrazim/Projects/DRF/env/lib64/python3.13/site-packages/django/db/models/query.py", line 629, in get
    num = len(clone)
  File "/home/mrazim/Projects/DRF/env/lib64/python3.13/site-packages/django/db/models/query.py", line 366, in __len__
    self._fetch_all()
    ~~~~~~~~~~~~~~~^^
  File "/home/mrazim/Projects/DRF/env/lib64/python3.13/site-packages/django/db/models/query.py", line 1935, in _fetch_all
    self._result_cache = list(self._iterable_class(self))
                         ~~~~^^^^^^^^^^^^^^^^^^^^^^^^^^^^
  File "/home/mrazim/Projects/DRF/env/lib64/python3.13/site-packages/django/db/models/query.py", line 91, in __iter__
    results = compiler.execute_sql(
        chunked_fetch=self.chunked_fetch, chunk_size=self.chunk_size
    )
  File "/home/mrazim/Projects/DRF/env/lib64/python3.13/site-packages/django/db/models/sql/compiler.py", line 1622, in execute_sql
    cursor.execute(sql, params)
    ~~~~~~~~~~~~~~^^^^^^^^^^^^^
  File "/home/mrazim/Projects/DRF/env/lib64/python3.13/site-packages/django/db/backends/utils.py", line 122, in execute
    return super().execute(sql, params)
           ~~~~~~~~~~~~~~~^^^^^^^^^^^^^
  File "/home/mrazim/Projects/DRF/env/lib64/python3.13/site-packages/django/db/backends/utils.py", line 79, in execute
    return self._execute_with_wrappers(
           ~~~~~~~~~~~~~~~~~~~~~~~~~~~^
        sql, params, many=False, executor=self._execute
        ^^^^^^^^^^^^^^^^^^^^^^^^^^^^^^^^^^^^^^^^^^^^^^^
    )
    ^
  File "/home/mrazim/Projects/DRF/env/lib64/python3.13/site-packages/django/db/backends/utils.py", line 92, in _execute_with_wrappers
    return executor(sql, params, many, context)
  File "/home/mrazim/Projects/DRF/env/lib64/python3.13/site-packages/django/db/backends/utils.py", line 100, in _execute
    with self.db.wrap_database_errors:
         ^^^^^^^^^^^^^^^^^^^^^^^^^^^^
  File "/home/mrazim/Projects/DRF/env/lib64/python3.13/site-packages/django/db/utils.py", line 91, in __exit__
    raise dj_exc_value.with_traceback(traceback) from exc_value
  File "/home/mrazim/Projects/DRF/env/lib64/python3.13/site-packages/django/db/backends/utils.py", line 105, in _execute
    return self.cursor.execute(sql, params)
           ~~~~~~~~~~~~~~~~~~~^^^^^^^^^^^^^
django.db.utils.ProgrammingError: column user_user.first_name does not exist
LINE 1: ... "user_user"."last_login", "user_user"."user_id", "user_user...
                                                             ^
HINT:  Perhaps you meant to reference the column "user_user.firstname".

ERROR 2026-03-13 01:02:05,813 basehttp "GET /favicon.ico HTTP/1.1" 500 183076
ERROR 2026-03-13 01:05:16,242 log Internal Server Error: /api/docs/
Traceback (most recent call last):
  File "/home/mrazim/Projects/DRF/env/lib64/python3.13/site-packages/django/db/backends/utils.py", line 105, in _execute
    return self.cursor.execute(sql, params)
           ~~~~~~~~~~~~~~~~~~~^^^^^^^^^^^^^
psycopg2.errors.UndefinedColumn: column user_user.first_name does not exist
LINE 1: ... "user_user"."last_login", "user_user"."user_id", "user_user...
                                                             ^
HINT:  Perhaps you meant to reference the column "user_user.firstname".


The above exception was the direct cause of the following exception:

Traceback (most recent call last):
  File "/home/mrazim/Projects/DRF/env/lib64/python3.13/site-packages/django/core/handlers/exception.py", line 55, in inner
    response = get_response(request)
  File "/home/mrazim/Projects/DRF/env/lib64/python3.13/site-packages/auditlog/middleware.py", line 69, in __call__
    with set_extra_data(context_data=self.get_extra_data(request)):
                                     ~~~~~~~~~~~~~~~~~~~^^^^^^^^^
  File "/home/mrazim/Projects/DRF/env/lib64/python3.13/site-packages/auditlog/middleware.py", line 62, in get_extra_data
    context_data["actor"] = self._get_actor(request)
                            ~~~~~~~~~~~~~~~^^^^^^^^^
  File "/home/mrazim/Projects/DRF/env/lib64/python3.13/site-packages/auditlog/middleware.py", line 53, in _get_actor
    if isinstance(user, get_user_model()) and user.is_authenticated:
       ~~~~~~~~~~^^^^^^^^^^^^^^^^^^^^^^^^
  File "/home/mrazim/Projects/DRF/env/lib64/python3.13/site-packages/django/utils/functional.py", line 280, in __getattribute__
    value = super().__getattribute__(name)
  File "/home/mrazim/Projects/DRF/env/lib64/python3.13/site-packages/django/utils/functional.py", line 251, in inner
    self._setup()
    ~~~~~~~~~~~^^
  File "/home/mrazim/Projects/DRF/env/lib64/python3.13/site-packages/django/utils/functional.py", line 404, in _setup
    self._wrapped = self._setupfunc()
                    ~~~~~~~~~~~~~~~^^
  File "/home/mrazim/Projects/DRF/env/lib64/python3.13/site-packages/django/contrib/auth/middleware.py", line 39, in <lambda>
    request.user = SimpleLazyObject(lambda: get_user(request))
                                            ~~~~~~~~^^^^^^^^^
  File "/home/mrazim/Projects/DRF/env/lib64/python3.13/site-packages/django/contrib/auth/middleware.py", line 19, in get_user
    request._cached_user = auth.get_user(request)
                           ~~~~~~~~~~~~~^^^^^^^^^
  File "/home/mrazim/Projects/DRF/env/lib64/python3.13/site-packages/django/contrib/auth/__init__.py", line 311, in get_user
    user = backend.get_user(user_id)
  File "/home/mrazim/Projects/DRF/env/lib64/python3.13/site-packages/django/contrib/auth/backends.py", line 232, in get_user
    user = UserModel._default_manager.get(pk=user_id)
  File "/home/mrazim/Projects/DRF/env/lib64/python3.13/site-packages/django/db/models/manager.py", line 87, in manager_method
    return getattr(self.get_queryset(), name)(*args, **kwargs)
           ~~~~~~~~~~~~~~~~~~~~~~~~~~~~~~~~~~^^^^^^^^^^^^^^^^^
  File "/home/mrazim/Projects/DRF/env/lib64/python3.13/site-packages/django/db/models/query.py", line 629, in get
    num = len(clone)
  File "/home/mrazim/Projects/DRF/env/lib64/python3.13/site-packages/django/db/models/query.py", line 366, in __len__
    self._fetch_all()
    ~~~~~~~~~~~~~~~^^
  File "/home/mrazim/Projects/DRF/env/lib64/python3.13/site-packages/django/db/models/query.py", line 1935, in _fetch_all
    self._result_cache = list(self._iterable_class(self))
                         ~~~~^^^^^^^^^^^^^^^^^^^^^^^^^^^^
  File "/home/mrazim/Projects/DRF/env/lib64/python3.13/site-packages/django/db/models/query.py", line 91, in __iter__
    results = compiler.execute_sql(
        chunked_fetch=self.chunked_fetch, chunk_size=self.chunk_size
    )
  File "/home/mrazim/Projects/DRF/env/lib64/python3.13/site-packages/django/db/models/sql/compiler.py", line 1622, in execute_sql
    cursor.execute(sql, params)
    ~~~~~~~~~~~~~~^^^^^^^^^^^^^
  File "/home/mrazim/Projects/DRF/env/lib64/python3.13/site-packages/django/db/backends/utils.py", line 122, in execute
    return super().execute(sql, params)
           ~~~~~~~~~~~~~~~^^^^^^^^^^^^^
  File "/home/mrazim/Projects/DRF/env/lib64/python3.13/site-packages/django/db/backends/utils.py", line 79, in execute
    return self._execute_with_wrappers(
           ~~~~~~~~~~~~~~~~~~~~~~~~~~~^
        sql, params, many=False, executor=self._execute
        ^^^^^^^^^^^^^^^^^^^^^^^^^^^^^^^^^^^^^^^^^^^^^^^
    )
    ^
  File "/home/mrazim/Projects/DRF/env/lib64/python3.13/site-packages/django/db/backends/utils.py", line 92, in _execute_with_wrappers
    return executor(sql, params, many, context)
  File "/home/mrazim/Projects/DRF/env/lib64/python3.13/site-packages/django/db/backends/utils.py", line 100, in _execute
    with self.db.wrap_database_errors:
         ^^^^^^^^^^^^^^^^^^^^^^^^^^^^
  File "/home/mrazim/Projects/DRF/env/lib64/python3.13/site-packages/django/db/utils.py", line 91, in __exit__
    raise dj_exc_value.with_traceback(traceback) from exc_value
  File "/home/mrazim/Projects/DRF/env/lib64/python3.13/site-packages/django/db/backends/utils.py", line 105, in _execute
    return self.cursor.execute(sql, params)
           ~~~~~~~~~~~~~~~~~~~^^^^^^^^^^^^^
django.db.utils.ProgrammingError: column user_user.first_name does not exist
LINE 1: ... "user_user"."last_login", "user_user"."user_id", "user_user...
                                                             ^
HINT:  Perhaps you meant to reference the column "user_user.firstname".

ERROR 2026-03-13 01:05:16,248 basehttp "GET /api/docs/ HTTP/1.1" 500 183510
ERROR 2026-03-13 01:05:16,533 log Internal Server Error: /favicon.ico
Traceback (most recent call last):
  File "/home/mrazim/Projects/DRF/env/lib64/python3.13/site-packages/django/db/backends/utils.py", line 105, in _execute
    return self.cursor.execute(sql, params)
           ~~~~~~~~~~~~~~~~~~~^^^^^^^^^^^^^
psycopg2.errors.UndefinedColumn: column user_user.first_name does not exist
LINE 1: ... "user_user"."last_login", "user_user"."user_id", "user_user...
                                                             ^
HINT:  Perhaps you meant to reference the column "user_user.firstname".


The above exception was the direct cause of the following exception:

Traceback (most recent call last):
  File "/home/mrazim/Projects/DRF/env/lib64/python3.13/site-packages/django/core/handlers/exception.py", line 55, in inner
    response = get_response(request)
  File "/home/mrazim/Projects/DRF/env/lib64/python3.13/site-packages/auditlog/middleware.py", line 69, in __call__
    with set_extra_data(context_data=self.get_extra_data(request)):
                                     ~~~~~~~~~~~~~~~~~~~^^^^^^^^^
  File "/home/mrazim/Projects/DRF/env/lib64/python3.13/site-packages/auditlog/middleware.py", line 62, in get_extra_data
    context_data["actor"] = self._get_actor(request)
                            ~~~~~~~~~~~~~~~^^^^^^^^^
  File "/home/mrazim/Projects/DRF/env/lib64/python3.13/site-packages/auditlog/middleware.py", line 53, in _get_actor
    if isinstance(user, get_user_model()) and user.is_authenticated:
       ~~~~~~~~~~^^^^^^^^^^^^^^^^^^^^^^^^
  File "/home/mrazim/Projects/DRF/env/lib64/python3.13/site-packages/django/utils/functional.py", line 280, in __getattribute__
    value = super().__getattribute__(name)
  File "/home/mrazim/Projects/DRF/env/lib64/python3.13/site-packages/django/utils/functional.py", line 251, in inner
    self._setup()
    ~~~~~~~~~~~^^
  File "/home/mrazim/Projects/DRF/env/lib64/python3.13/site-packages/django/utils/functional.py", line 404, in _setup
    self._wrapped = self._setupfunc()
                    ~~~~~~~~~~~~~~~^^
  File "/home/mrazim/Projects/DRF/env/lib64/python3.13/site-packages/django/contrib/auth/middleware.py", line 39, in <lambda>
    request.user = SimpleLazyObject(lambda: get_user(request))
                                            ~~~~~~~~^^^^^^^^^
  File "/home/mrazim/Projects/DRF/env/lib64/python3.13/site-packages/django/contrib/auth/middleware.py", line 19, in get_user
    request._cached_user = auth.get_user(request)
                           ~~~~~~~~~~~~~^^^^^^^^^
  File "/home/mrazim/Projects/DRF/env/lib64/python3.13/site-packages/django/contrib/auth/__init__.py", line 311, in get_user
    user = backend.get_user(user_id)
  File "/home/mrazim/Projects/DRF/env/lib64/python3.13/site-packages/django/contrib/auth/backends.py", line 232, in get_user
    user = UserModel._default_manager.get(pk=user_id)
  File "/home/mrazim/Projects/DRF/env/lib64/python3.13/site-packages/django/db/models/manager.py", line 87, in manager_method
    return getattr(self.get_queryset(), name)(*args, **kwargs)
           ~~~~~~~~~~~~~~~~~~~~~~~~~~~~~~~~~~^^^^^^^^^^^^^^^^^
  File "/home/mrazim/Projects/DRF/env/lib64/python3.13/site-packages/django/db/models/query.py", line 629, in get
    num = len(clone)
  File "/home/mrazim/Projects/DRF/env/lib64/python3.13/site-packages/django/db/models/query.py", line 366, in __len__
    self._fetch_all()
    ~~~~~~~~~~~~~~~^^
  File "/home/mrazim/Projects/DRF/env/lib64/python3.13/site-packages/django/db/models/query.py", line 1935, in _fetch_all
    self._result_cache = list(self._iterable_class(self))
                         ~~~~^^^^^^^^^^^^^^^^^^^^^^^^^^^^
  File "/home/mrazim/Projects/DRF/env/lib64/python3.13/site-packages/django/db/models/query.py", line 91, in __iter__
    results = compiler.execute_sql(
        chunked_fetch=self.chunked_fetch, chunk_size=self.chunk_size
    )
  File "/home/mrazim/Projects/DRF/env/lib64/python3.13/site-packages/django/db/models/sql/compiler.py", line 1622, in execute_sql
    cursor.execute(sql, params)
    ~~~~~~~~~~~~~~^^^^^^^^^^^^^
  File "/home/mrazim/Projects/DRF/env/lib64/python3.13/site-packages/django/db/backends/utils.py", line 122, in execute
    return super().execute(sql, params)
           ~~~~~~~~~~~~~~~^^^^^^^^^^^^^
  File "/home/mrazim/Projects/DRF/env/lib64/python3.13/site-packages/django/db/backends/utils.py", line 79, in execute
    return self._execute_with_wrappers(
           ~~~~~~~~~~~~~~~~~~~~~~~~~~~^
        sql, params, many=False, executor=self._execute
        ^^^^^^^^^^^^^^^^^^^^^^^^^^^^^^^^^^^^^^^^^^^^^^^
    )
    ^
  File "/home/mrazim/Projects/DRF/env/lib64/python3.13/site-packages/django/db/backends/utils.py", line 92, in _execute_with_wrappers
    return executor(sql, params, many, context)
  File "/home/mrazim/Projects/DRF/env/lib64/python3.13/site-packages/django/db/backends/utils.py", line 100, in _execute
    with self.db.wrap_database_errors:
         ^^^^^^^^^^^^^^^^^^^^^^^^^^^^
  File "/home/mrazim/Projects/DRF/env/lib64/python3.13/site-packages/django/db/utils.py", line 91, in __exit__
    raise dj_exc_value.with_traceback(traceback) from exc_value
  File "/home/mrazim/Projects/DRF/env/lib64/python3.13/site-packages/django/db/backends/utils.py", line 105, in _execute
    return self.cursor.execute(sql, params)
           ~~~~~~~~~~~~~~~~~~~^^^^^^^^^^^^^
django.db.utils.ProgrammingError: column user_user.first_name does not exist
LINE 1: ... "user_user"."last_login", "user_user"."user_id", "user_user...
                                                             ^
HINT:  Perhaps you meant to reference the column "user_user.firstname".

ERROR 2026-03-13 01:05:16,543 basehttp "GET /favicon.ico HTTP/1.1" 500 183085
ERROR 2026-03-13 01:05:20,825 log Internal Server Error: /
Traceback (most recent call last):
  File "/home/mrazim/Projects/DRF/env/lib64/python3.13/site-packages/django/db/backends/utils.py", line 105, in _execute
    return self.cursor.execute(sql, params)
           ~~~~~~~~~~~~~~~~~~~^^^^^^^^^^^^^
psycopg2.errors.UndefinedColumn: column user_user.first_name does not exist
LINE 1: ... "user_user"."last_login", "user_user"."user_id", "user_user...
                                                             ^
HINT:  Perhaps you meant to reference the column "user_user.firstname".


The above exception was the direct cause of the following exception:

Traceback (most recent call last):
  File "/home/mrazim/Projects/DRF/env/lib64/python3.13/site-packages/django/core/handlers/exception.py", line 55, in inner
    response = get_response(request)
  File "/home/mrazim/Projects/DRF/env/lib64/python3.13/site-packages/auditlog/middleware.py", line 69, in __call__
    with set_extra_data(context_data=self.get_extra_data(request)):
                                     ~~~~~~~~~~~~~~~~~~~^^^^^^^^^
  File "/home/mrazim/Projects/DRF/env/lib64/python3.13/site-packages/auditlog/middleware.py", line 62, in get_extra_data
    context_data["actor"] = self._get_actor(request)
                            ~~~~~~~~~~~~~~~^^^^^^^^^
  File "/home/mrazim/Projects/DRF/env/lib64/python3.13/site-packages/auditlog/middleware.py", line 53, in _get_actor
    if isinstance(user, get_user_model()) and user.is_authenticated:
       ~~~~~~~~~~^^^^^^^^^^^^^^^^^^^^^^^^
  File "/home/mrazim/Projects/DRF/env/lib64/python3.13/site-packages/django/utils/functional.py", line 280, in __getattribute__
    value = super().__getattribute__(name)
  File "/home/mrazim/Projects/DRF/env/lib64/python3.13/site-packages/django/utils/functional.py", line 251, in inner
    self._setup()
    ~~~~~~~~~~~^^
  File "/home/mrazim/Projects/DRF/env/lib64/python3.13/site-packages/django/utils/functional.py", line 404, in _setup
    self._wrapped = self._setupfunc()
                    ~~~~~~~~~~~~~~~^^
  File "/home/mrazim/Projects/DRF/env/lib64/python3.13/site-packages/django/contrib/auth/middleware.py", line 39, in <lambda>
    request.user = SimpleLazyObject(lambda: get_user(request))
                                            ~~~~~~~~^^^^^^^^^
  File "/home/mrazim/Projects/DRF/env/lib64/python3.13/site-packages/django/contrib/auth/middleware.py", line 19, in get_user
    request._cached_user = auth.get_user(request)
                           ~~~~~~~~~~~~~^^^^^^^^^
  File "/home/mrazim/Projects/DRF/env/lib64/python3.13/site-packages/django/contrib/auth/__init__.py", line 311, in get_user
    user = backend.get_user(user_id)
  File "/home/mrazim/Projects/DRF/env/lib64/python3.13/site-packages/django/contrib/auth/backends.py", line 232, in get_user
    user = UserModel._default_manager.get(pk=user_id)
  File "/home/mrazim/Projects/DRF/env/lib64/python3.13/site-packages/django/db/models/manager.py", line 87, in manager_method
    return getattr(self.get_queryset(), name)(*args, **kwargs)
           ~~~~~~~~~~~~~~~~~~~~~~~~~~~~~~~~~~^^^^^^^^^^^^^^^^^
  File "/home/mrazim/Projects/DRF/env/lib64/python3.13/site-packages/django/db/models/query.py", line 629, in get
    num = len(clone)
  File "/home/mrazim/Projects/DRF/env/lib64/python3.13/site-packages/django/db/models/query.py", line 366, in __len__
    self._fetch_all()
    ~~~~~~~~~~~~~~~^^
  File "/home/mrazim/Projects/DRF/env/lib64/python3.13/site-packages/django/db/models/query.py", line 1935, in _fetch_all
    self._result_cache = list(self._iterable_class(self))
                         ~~~~^^^^^^^^^^^^^^^^^^^^^^^^^^^^
  File "/home/mrazim/Projects/DRF/env/lib64/python3.13/site-packages/django/db/models/query.py", line 91, in __iter__
    results = compiler.execute_sql(
        chunked_fetch=self.chunked_fetch, chunk_size=self.chunk_size
    )
  File "/home/mrazim/Projects/DRF/env/lib64/python3.13/site-packages/django/db/models/sql/compiler.py", line 1622, in execute_sql
    cursor.execute(sql, params)
    ~~~~~~~~~~~~~~^^^^^^^^^^^^^
  File "/home/mrazim/Projects/DRF/env/lib64/python3.13/site-packages/django/db/backends/utils.py", line 122, in execute
    return super().execute(sql, params)
           ~~~~~~~~~~~~~~~^^^^^^^^^^^^^
  File "/home/mrazim/Projects/DRF/env/lib64/python3.13/site-packages/django/db/backends/utils.py", line 79, in execute
    return self._execute_with_wrappers(
           ~~~~~~~~~~~~~~~~~~~~~~~~~~~^
        sql, params, many=False, executor=self._execute
        ^^^^^^^^^^^^^^^^^^^^^^^^^^^^^^^^^^^^^^^^^^^^^^^
    )
    ^
  File "/home/mrazim/Projects/DRF/env/lib64/python3.13/site-packages/django/db/backends/utils.py", line 92, in _execute_with_wrappers
    return executor(sql, params, many, context)
  File "/home/mrazim/Projects/DRF/env/lib64/python3.13/site-packages/django/db/backends/utils.py", line 100, in _execute
    with self.db.wrap_database_errors:
         ^^^^^^^^^^^^^^^^^^^^^^^^^^^^
  File "/home/mrazim/Projects/DRF/env/lib64/python3.13/site-packages/django/db/utils.py", line 91, in __exit__
    raise dj_exc_value.with_traceback(traceback) from exc_value
  File "/home/mrazim/Projects/DRF/env/lib64/python3.13/site-packages/django/db/backends/utils.py", line 105, in _execute
    return self.cursor.execute(sql, params)
           ~~~~~~~~~~~~~~~~~~~^^^^^^^^^^^^^
django.db.utils.ProgrammingError: column user_user.first_name does not exist
LINE 1: ... "user_user"."last_login", "user_user"."user_id", "user_user...
                                                             ^
HINT:  Perhaps you meant to reference the column "user_user.firstname".

ERROR 2026-03-13 01:05:20,828 basehttp "GET / HTTP/1.1" 500 183255
ERROR 2026-03-13 01:05:21,033 log Internal Server Error: /favicon.ico
Traceback (most recent call last):
  File "/home/mrazim/Projects/DRF/env/lib64/python3.13/site-packages/django/db/backends/utils.py", line 105, in _execute
    return self.cursor.execute(sql, params)
           ~~~~~~~~~~~~~~~~~~~^^^^^^^^^^^^^
psycopg2.errors.UndefinedColumn: column user_user.first_name does not exist
LINE 1: ... "user_user"."last_login", "user_user"."user_id", "user_user...
                                                             ^
HINT:  Perhaps you meant to reference the column "user_user.firstname".


The above exception was the direct cause of the following exception:

Traceback (most recent call last):
  File "/home/mrazim/Projects/DRF/env/lib64/python3.13/site-packages/django/core/handlers/exception.py", line 55, in inner
    response = get_response(request)
  File "/home/mrazim/Projects/DRF/env/lib64/python3.13/site-packages/auditlog/middleware.py", line 69, in __call__
    with set_extra_data(context_data=self.get_extra_data(request)):
                                     ~~~~~~~~~~~~~~~~~~~^^^^^^^^^
  File "/home/mrazim/Projects/DRF/env/lib64/python3.13/site-packages/auditlog/middleware.py", line 62, in get_extra_data
    context_data["actor"] = self._get_actor(request)
                            ~~~~~~~~~~~~~~~^^^^^^^^^
  File "/home/mrazim/Projects/DRF/env/lib64/python3.13/site-packages/auditlog/middleware.py", line 53, in _get_actor
    if isinstance(user, get_user_model()) and user.is_authenticated:
       ~~~~~~~~~~^^^^^^^^^^^^^^^^^^^^^^^^
  File "/home/mrazim/Projects/DRF/env/lib64/python3.13/site-packages/django/utils/functional.py", line 280, in __getattribute__
    value = super().__getattribute__(name)
  File "/home/mrazim/Projects/DRF/env/lib64/python3.13/site-packages/django/utils/functional.py", line 251, in inner
    self._setup()
    ~~~~~~~~~~~^^
  File "/home/mrazim/Projects/DRF/env/lib64/python3.13/site-packages/django/utils/functional.py", line 404, in _setup
    self._wrapped = self._setupfunc()
                    ~~~~~~~~~~~~~~~^^
  File "/home/mrazim/Projects/DRF/env/lib64/python3.13/site-packages/django/contrib/auth/middleware.py", line 39, in <lambda>
    request.user = SimpleLazyObject(lambda: get_user(request))
                                            ~~~~~~~~^^^^^^^^^
  File "/home/mrazim/Projects/DRF/env/lib64/python3.13/site-packages/django/contrib/auth/middleware.py", line 19, in get_user
    request._cached_user = auth.get_user(request)
                           ~~~~~~~~~~~~~^^^^^^^^^
  File "/home/mrazim/Projects/DRF/env/lib64/python3.13/site-packages/django/contrib/auth/__init__.py", line 311, in get_user
    user = backend.get_user(user_id)
  File "/home/mrazim/Projects/DRF/env/lib64/python3.13/site-packages/django/contrib/auth/backends.py", line 232, in get_user
    user = UserModel._default_manager.get(pk=user_id)
  File "/home/mrazim/Projects/DRF/env/lib64/python3.13/site-packages/django/db/models/manager.py", line 87, in manager_method
    return getattr(self.get_queryset(), name)(*args, **kwargs)
           ~~~~~~~~~~~~~~~~~~~~~~~~~~~~~~~~~~^^^^^^^^^^^^^^^^^
  File "/home/mrazim/Projects/DRF/env/lib64/python3.13/site-packages/django/db/models/query.py", line 629, in get
    num = len(clone)
  File "/home/mrazim/Projects/DRF/env/lib64/python3.13/site-packages/django/db/models/query.py", line 366, in __len__
    self._fetch_all()
    ~~~~~~~~~~~~~~~^^
  File "/home/mrazim/Projects/DRF/env/lib64/python3.13/site-packages/django/db/models/query.py", line 1935, in _fetch_all
    self._result_cache = list(self._iterable_class(self))
                         ~~~~^^^^^^^^^^^^^^^^^^^^^^^^^^^^
  File "/home/mrazim/Projects/DRF/env/lib64/python3.13/site-packages/django/db/models/query.py", line 91, in __iter__
    results = compiler.execute_sql(
        chunked_fetch=self.chunked_fetch, chunk_size=self.chunk_size
    )
  File "/home/mrazim/Projects/DRF/env/lib64/python3.13/site-packages/django/db/models/sql/compiler.py", line 1622, in execute_sql
    cursor.execute(sql, params)
    ~~~~~~~~~~~~~~^^^^^^^^^^^^^
  File "/home/mrazim/Projects/DRF/env/lib64/python3.13/site-packages/django/db/backends/utils.py", line 122, in execute
    return super().execute(sql, params)
           ~~~~~~~~~~~~~~~^^^^^^^^^^^^^
  File "/home/mrazim/Projects/DRF/env/lib64/python3.13/site-packages/django/db/backends/utils.py", line 79, in execute
    return self._execute_with_wrappers(
           ~~~~~~~~~~~~~~~~~~~~~~~~~~~^
        sql, params, many=False, executor=self._execute
        ^^^^^^^^^^^^^^^^^^^^^^^^^^^^^^^^^^^^^^^^^^^^^^^
    )
    ^
  File "/home/mrazim/Projects/DRF/env/lib64/python3.13/site-packages/django/db/backends/utils.py", line 92, in _execute_with_wrappers
    return executor(sql, params, many, context)
  File "/home/mrazim/Projects/DRF/env/lib64/python3.13/site-packages/django/db/backends/utils.py", line 100, in _execute
    with self.db.wrap_database_errors:
         ^^^^^^^^^^^^^^^^^^^^^^^^^^^^
  File "/home/mrazim/Projects/DRF/env/lib64/python3.13/site-packages/django/db/utils.py", line 91, in __exit__
    raise dj_exc_value.with_traceback(traceback) from exc_value
  File "/home/mrazim/Projects/DRF/env/lib64/python3.13/site-packages/django/db/backends/utils.py", line 105, in _execute
    return self.cursor.execute(sql, params)
           ~~~~~~~~~~~~~~~~~~~^^^^^^^^^^^^^
django.db.utils.ProgrammingError: column user_user.first_name does not exist
LINE 1: ... "user_user"."last_login", "user_user"."user_id", "user_user...
                                                             ^
HINT:  Perhaps you meant to reference the column "user_user.firstname".

ERROR 2026-03-13 01:05:21,036 basehttp "GET /favicon.ico HTTP/1.1" 500 183076
ERROR 2026-03-13 01:05:21,926 log Internal Server Error: /
Traceback (most recent call last):
  File "/home/mrazim/Projects/DRF/env/lib64/python3.13/site-packages/django/db/backends/utils.py", line 105, in _execute
    return self.cursor.execute(sql, params)
           ~~~~~~~~~~~~~~~~~~~^^^^^^^^^^^^^
psycopg2.errors.UndefinedColumn: column user_user.first_name does not exist
LINE 1: ... "user_user"."last_login", "user_user"."user_id", "user_user...
                                                             ^
HINT:  Perhaps you meant to reference the column "user_user.firstname".


The above exception was the direct cause of the following exception:

Traceback (most recent call last):
  File "/home/mrazim/Projects/DRF/env/lib64/python3.13/site-packages/django/core/handlers/exception.py", line 55, in inner
    response = get_response(request)
  File "/home/mrazim/Projects/DRF/env/lib64/python3.13/site-packages/auditlog/middleware.py", line 69, in __call__
    with set_extra_data(context_data=self.get_extra_data(request)):
                                     ~~~~~~~~~~~~~~~~~~~^^^^^^^^^
  File "/home/mrazim/Projects/DRF/env/lib64/python3.13/site-packages/auditlog/middleware.py", line 62, in get_extra_data
    context_data["actor"] = self._get_actor(request)
                            ~~~~~~~~~~~~~~~^^^^^^^^^
  File "/home/mrazim/Projects/DRF/env/lib64/python3.13/site-packages/auditlog/middleware.py", line 53, in _get_actor
    if isinstance(user, get_user_model()) and user.is_authenticated:
       ~~~~~~~~~~^^^^^^^^^^^^^^^^^^^^^^^^
  File "/home/mrazim/Projects/DRF/env/lib64/python3.13/site-packages/django/utils/functional.py", line 280, in __getattribute__
    value = super().__getattribute__(name)
  File "/home/mrazim/Projects/DRF/env/lib64/python3.13/site-packages/django/utils/functional.py", line 251, in inner
    self._setup()
    ~~~~~~~~~~~^^
  File "/home/mrazim/Projects/DRF/env/lib64/python3.13/site-packages/django/utils/functional.py", line 404, in _setup
    self._wrapped = self._setupfunc()
                    ~~~~~~~~~~~~~~~^^
  File "/home/mrazim/Projects/DRF/env/lib64/python3.13/site-packages/django/contrib/auth/middleware.py", line 39, in <lambda>
    request.user = SimpleLazyObject(lambda: get_user(request))
                                            ~~~~~~~~^^^^^^^^^
  File "/home/mrazim/Projects/DRF/env/lib64/python3.13/site-packages/django/contrib/auth/middleware.py", line 19, in get_user
    request._cached_user = auth.get_user(request)
                           ~~~~~~~~~~~~~^^^^^^^^^
  File "/home/mrazim/Projects/DRF/env/lib64/python3.13/site-packages/django/contrib/auth/__init__.py", line 311, in get_user
    user = backend.get_user(user_id)
  File "/home/mrazim/Projects/DRF/env/lib64/python3.13/site-packages/django/contrib/auth/backends.py", line 232, in get_user
    user = UserModel._default_manager.get(pk=user_id)
  File "/home/mrazim/Projects/DRF/env/lib64/python3.13/site-packages/django/db/models/manager.py", line 87, in manager_method
    return getattr(self.get_queryset(), name)(*args, **kwargs)
           ~~~~~~~~~~~~~~~~~~~~~~~~~~~~~~~~~~^^^^^^^^^^^^^^^^^
  File "/home/mrazim/Projects/DRF/env/lib64/python3.13/site-packages/django/db/models/query.py", line 629, in get
    num = len(clone)
  File "/home/mrazim/Projects/DRF/env/lib64/python3.13/site-packages/django/db/models/query.py", line 366, in __len__
    self._fetch_all()
    ~~~~~~~~~~~~~~~^^
  File "/home/mrazim/Projects/DRF/env/lib64/python3.13/site-packages/django/db/models/query.py", line 1935, in _fetch_all
    self._result_cache = list(self._iterable_class(self))
                         ~~~~^^^^^^^^^^^^^^^^^^^^^^^^^^^^
  File "/home/mrazim/Projects/DRF/env/lib64/python3.13/site-packages/django/db/models/query.py", line 91, in __iter__
    results = compiler.execute_sql(
        chunked_fetch=self.chunked_fetch, chunk_size=self.chunk_size
    )
  File "/home/mrazim/Projects/DRF/env/lib64/python3.13/site-packages/django/db/models/sql/compiler.py", line 1622, in execute_sql
    cursor.execute(sql, params)
    ~~~~~~~~~~~~~~^^^^^^^^^^^^^
  File "/home/mrazim/Projects/DRF/env/lib64/python3.13/site-packages/django/db/backends/utils.py", line 122, in execute
    return super().execute(sql, params)
           ~~~~~~~~~~~~~~~^^^^^^^^^^^^^
  File "/home/mrazim/Projects/DRF/env/lib64/python3.13/site-packages/django/db/backends/utils.py", line 79, in execute
    return self._execute_with_wrappers(
           ~~~~~~~~~~~~~~~~~~~~~~~~~~~^
        sql, params, many=False, executor=self._execute
        ^^^^^^^^^^^^^^^^^^^^^^^^^^^^^^^^^^^^^^^^^^^^^^^
    )
    ^
  File "/home/mrazim/Projects/DRF/env/lib64/python3.13/site-packages/django/db/backends/utils.py", line 92, in _execute_with_wrappers
    return executor(sql, params, many, context)
  File "/home/mrazim/Projects/DRF/env/lib64/python3.13/site-packages/django/db/backends/utils.py", line 100, in _execute
    with self.db.wrap_database_errors:
         ^^^^^^^^^^^^^^^^^^^^^^^^^^^^
  File "/home/mrazim/Projects/DRF/env/lib64/python3.13/site-packages/django/db/utils.py", line 91, in __exit__
    raise dj_exc_value.with_traceback(traceback) from exc_value
  File "/home/mrazim/Projects/DRF/env/lib64/python3.13/site-packages/django/db/backends/utils.py", line 105, in _execute
    return self.cursor.execute(sql, params)
           ~~~~~~~~~~~~~~~~~~~^^^^^^^^^^^^^
django.db.utils.ProgrammingError: column user_user.first_name does not exist
LINE 1: ... "user_user"."last_login", "user_user"."user_id", "user_user...
                                                             ^
HINT:  Perhaps you meant to reference the column "user_user.firstname".

ERROR 2026-03-13 01:05:21,931 basehttp "GET / HTTP/1.1" 500 183255
ERROR 2026-03-13 01:05:22,170 log Internal Server Error: /favicon.ico
Traceback (most recent call last):
  File "/home/mrazim/Projects/DRF/env/lib64/python3.13/site-packages/django/db/backends/utils.py", line 105, in _execute
    return self.cursor.execute(sql, params)
           ~~~~~~~~~~~~~~~~~~~^^^^^^^^^^^^^
psycopg2.errors.UndefinedColumn: column user_user.first_name does not exist
LINE 1: ... "user_user"."last_login", "user_user"."user_id", "user_user...
                                                             ^
HINT:  Perhaps you meant to reference the column "user_user.firstname".


The above exception was the direct cause of the following exception:

Traceback (most recent call last):
  File "/home/mrazim/Projects/DRF/env/lib64/python3.13/site-packages/django/core/handlers/exception.py", line 55, in inner
    response = get_response(request)
  File "/home/mrazim/Projects/DRF/env/lib64/python3.13/site-packages/auditlog/middleware.py", line 69, in __call__
    with set_extra_data(context_data=self.get_extra_data(request)):
                                     ~~~~~~~~~~~~~~~~~~~^^^^^^^^^
  File "/home/mrazim/Projects/DRF/env/lib64/python3.13/site-packages/auditlog/middleware.py", line 62, in get_extra_data
    context_data["actor"] = self._get_actor(request)
                            ~~~~~~~~~~~~~~~^^^^^^^^^
  File "/home/mrazim/Projects/DRF/env/lib64/python3.13/site-packages/auditlog/middleware.py", line 53, in _get_actor
    if isinstance(user, get_user_model()) and user.is_authenticated:
       ~~~~~~~~~~^^^^^^^^^^^^^^^^^^^^^^^^
  File "/home/mrazim/Projects/DRF/env/lib64/python3.13/site-packages/django/utils/functional.py", line 280, in __getattribute__
    value = super().__getattribute__(name)
  File "/home/mrazim/Projects/DRF/env/lib64/python3.13/site-packages/django/utils/functional.py", line 251, in inner
    self._setup()
    ~~~~~~~~~~~^^
  File "/home/mrazim/Projects/DRF/env/lib64/python3.13/site-packages/django/utils/functional.py", line 404, in _setup
    self._wrapped = self._setupfunc()
                    ~~~~~~~~~~~~~~~^^
  File "/home/mrazim/Projects/DRF/env/lib64/python3.13/site-packages/django/contrib/auth/middleware.py", line 39, in <lambda>
    request.user = SimpleLazyObject(lambda: get_user(request))
                                            ~~~~~~~~^^^^^^^^^
  File "/home/mrazim/Projects/DRF/env/lib64/python3.13/site-packages/django/contrib/auth/middleware.py", line 19, in get_user
    request._cached_user = auth.get_user(request)
                           ~~~~~~~~~~~~~^^^^^^^^^
  File "/home/mrazim/Projects/DRF/env/lib64/python3.13/site-packages/django/contrib/auth/__init__.py", line 311, in get_user
    user = backend.get_user(user_id)
  File "/home/mrazim/Projects/DRF/env/lib64/python3.13/site-packages/django/contrib/auth/backends.py", line 232, in get_user
    user = UserModel._default_manager.get(pk=user_id)
  File "/home/mrazim/Projects/DRF/env/lib64/python3.13/site-packages/django/db/models/manager.py", line 87, in manager_method
    return getattr(self.get_queryset(), name)(*args, **kwargs)
           ~~~~~~~~~~~~~~~~~~~~~~~~~~~~~~~~~~^^^^^^^^^^^^^^^^^
  File "/home/mrazim/Projects/DRF/env/lib64/python3.13/site-packages/django/db/models/query.py", line 629, in get
    num = len(clone)
  File "/home/mrazim/Projects/DRF/env/lib64/python3.13/site-packages/django/db/models/query.py", line 366, in __len__
    self._fetch_all()
    ~~~~~~~~~~~~~~~^^
  File "/home/mrazim/Projects/DRF/env/lib64/python3.13/site-packages/django/db/models/query.py", line 1935, in _fetch_all
    self._result_cache = list(self._iterable_class(self))
                         ~~~~^^^^^^^^^^^^^^^^^^^^^^^^^^^^
  File "/home/mrazim/Projects/DRF/env/lib64/python3.13/site-packages/django/db/models/query.py", line 91, in __iter__
    results = compiler.execute_sql(
        chunked_fetch=self.chunked_fetch, chunk_size=self.chunk_size
    )
  File "/home/mrazim/Projects/DRF/env/lib64/python3.13/site-packages/django/db/models/sql/compiler.py", line 1622, in execute_sql
    cursor.execute(sql, params)
    ~~~~~~~~~~~~~~^^^^^^^^^^^^^
  File "/home/mrazim/Projects/DRF/env/lib64/python3.13/site-packages/django/db/backends/utils.py", line 122, in execute
    return super().execute(sql, params)
           ~~~~~~~~~~~~~~~^^^^^^^^^^^^^
  File "/home/mrazim/Projects/DRF/env/lib64/python3.13/site-packages/django/db/backends/utils.py", line 79, in execute
    return self._execute_with_wrappers(
           ~~~~~~~~~~~~~~~~~~~~~~~~~~~^
        sql, params, many=False, executor=self._execute
        ^^^^^^^^^^^^^^^^^^^^^^^^^^^^^^^^^^^^^^^^^^^^^^^
    )
    ^
  File "/home/mrazim/Projects/DRF/env/lib64/python3.13/site-packages/django/db/backends/utils.py", line 92, in _execute_with_wrappers
    return executor(sql, params, many, context)
  File "/home/mrazim/Projects/DRF/env/lib64/python3.13/site-packages/django/db/backends/utils.py", line 100, in _execute
    with self.db.wrap_database_errors:
         ^^^^^^^^^^^^^^^^^^^^^^^^^^^^
  File "/home/mrazim/Projects/DRF/env/lib64/python3.13/site-packages/django/db/utils.py", line 91, in __exit__
    raise dj_exc_value.with_traceback(traceback) from exc_value
  File "/home/mrazim/Projects/DRF/env/lib64/python3.13/site-packages/django/db/backends/utils.py", line 105, in _execute
    return self.cursor.execute(sql, params)
           ~~~~~~~~~~~~~~~~~~~^^^^^^^^^^^^^
django.db.utils.ProgrammingError: column user_user.first_name does not exist
LINE 1: ... "user_user"."last_login", "user_user"."user_id", "user_user...
                                                             ^
HINT:  Perhaps you meant to reference the column "user_user.firstname".

ERROR 2026-03-13 01:05:22,174 basehttp "GET /favicon.ico HTTP/1.1" 500 183076
ERROR 2026-03-13 01:05:22,572 log Internal Server Error: /
Traceback (most recent call last):
  File "/home/mrazim/Projects/DRF/env/lib64/python3.13/site-packages/django/db/backends/utils.py", line 105, in _execute
    return self.cursor.execute(sql, params)
           ~~~~~~~~~~~~~~~~~~~^^^^^^^^^^^^^
psycopg2.errors.UndefinedColumn: column user_user.first_name does not exist
LINE 1: ... "user_user"."last_login", "user_user"."user_id", "user_user...
                                                             ^
HINT:  Perhaps you meant to reference the column "user_user.firstname".


The above exception was the direct cause of the following exception:

Traceback (most recent call last):
  File "/home/mrazim/Projects/DRF/env/lib64/python3.13/site-packages/django/core/handlers/exception.py", line 55, in inner
    response = get_response(request)
  File "/home/mrazim/Projects/DRF/env/lib64/python3.13/site-packages/auditlog/middleware.py", line 69, in __call__
    with set_extra_data(context_data=self.get_extra_data(request)):
                                     ~~~~~~~~~~~~~~~~~~~^^^^^^^^^
  File "/home/mrazim/Projects/DRF/env/lib64/python3.13/site-packages/auditlog/middleware.py", line 62, in get_extra_data
    context_data["actor"] = self._get_actor(request)
                            ~~~~~~~~~~~~~~~^^^^^^^^^
  File "/home/mrazim/Projects/DRF/env/lib64/python3.13/site-packages/auditlog/middleware.py", line 53, in _get_actor
    if isinstance(user, get_user_model()) and user.is_authenticated:
       ~~~~~~~~~~^^^^^^^^^^^^^^^^^^^^^^^^
  File "/home/mrazim/Projects/DRF/env/lib64/python3.13/site-packages/django/utils/functional.py", line 280, in __getattribute__
    value = super().__getattribute__(name)
  File "/home/mrazim/Projects/DRF/env/lib64/python3.13/site-packages/django/utils/functional.py", line 251, in inner
    self._setup()
    ~~~~~~~~~~~^^
  File "/home/mrazim/Projects/DRF/env/lib64/python3.13/site-packages/django/utils/functional.py", line 404, in _setup
    self._wrapped = self._setupfunc()
                    ~~~~~~~~~~~~~~~^^
  File "/home/mrazim/Projects/DRF/env/lib64/python3.13/site-packages/django/contrib/auth/middleware.py", line 39, in <lambda>
    request.user = SimpleLazyObject(lambda: get_user(request))
                                            ~~~~~~~~^^^^^^^^^
  File "/home/mrazim/Projects/DRF/env/lib64/python3.13/site-packages/django/contrib/auth/middleware.py", line 19, in get_user
    request._cached_user = auth.get_user(request)
                           ~~~~~~~~~~~~~^^^^^^^^^
  File "/home/mrazim/Projects/DRF/env/lib64/python3.13/site-packages/django/contrib/auth/__init__.py", line 311, in get_user
    user = backend.get_user(user_id)
  File "/home/mrazim/Projects/DRF/env/lib64/python3.13/site-packages/django/contrib/auth/backends.py", line 232, in get_user
    user = UserModel._default_manager.get(pk=user_id)
  File "/home/mrazim/Projects/DRF/env/lib64/python3.13/site-packages/django/db/models/manager.py", line 87, in manager_method
    return getattr(self.get_queryset(), name)(*args, **kwargs)
           ~~~~~~~~~~~~~~~~~~~~~~~~~~~~~~~~~~^^^^^^^^^^^^^^^^^
  File "/home/mrazim/Projects/DRF/env/lib64/python3.13/site-packages/django/db/models/query.py", line 629, in get
    num = len(clone)
  File "/home/mrazim/Projects/DRF/env/lib64/python3.13/site-packages/django/db/models/query.py", line 366, in __len__
    self._fetch_all()
    ~~~~~~~~~~~~~~~^^
  File "/home/mrazim/Projects/DRF/env/lib64/python3.13/site-packages/django/db/models/query.py", line 1935, in _fetch_all
    self._result_cache = list(self._iterable_class(self))
                         ~~~~^^^^^^^^^^^^^^^^^^^^^^^^^^^^
  File "/home/mrazim/Projects/DRF/env/lib64/python3.13/site-packages/django/db/models/query.py", line 91, in __iter__
    results = compiler.execute_sql(
        chunked_fetch=self.chunked_fetch, chunk_size=self.chunk_size
    )
  File "/home/mrazim/Projects/DRF/env/lib64/python3.13/site-packages/django/db/models/sql/compiler.py", line 1622, in execute_sql
    cursor.execute(sql, params)
    ~~~~~~~~~~~~~~^^^^^^^^^^^^^
  File "/home/mrazim/Projects/DRF/env/lib64/python3.13/site-packages/django/db/backends/utils.py", line 122, in execute
    return super().execute(sql, params)
           ~~~~~~~~~~~~~~~^^^^^^^^^^^^^
  File "/home/mrazim/Projects/DRF/env/lib64/python3.13/site-packages/django/db/backends/utils.py", line 79, in execute
    return self._execute_with_wrappers(
           ~~~~~~~~~~~~~~~~~~~~~~~~~~~^
        sql, params, many=False, executor=self._execute
        ^^^^^^^^^^^^^^^^^^^^^^^^^^^^^^^^^^^^^^^^^^^^^^^
    )
    ^
  File "/home/mrazim/Projects/DRF/env/lib64/python3.13/site-packages/django/db/backends/utils.py", line 92, in _execute_with_wrappers
    return executor(sql, params, many, context)
  File "/home/mrazim/Projects/DRF/env/lib64/python3.13/site-packages/django/db/backends/utils.py", line 100, in _execute
    with self.db.wrap_database_errors:
         ^^^^^^^^^^^^^^^^^^^^^^^^^^^^
  File "/home/mrazim/Projects/DRF/env/lib64/python3.13/site-packages/django/db/utils.py", line 91, in __exit__
    raise dj_exc_value.with_traceback(traceback) from exc_value
  File "/home/mrazim/Projects/DRF/env/lib64/python3.13/site-packages/django/db/backends/utils.py", line 105, in _execute
    return self.cursor.execute(sql, params)
           ~~~~~~~~~~~~~~~~~~~^^^^^^^^^^^^^
django.db.utils.ProgrammingError: column user_user.first_name does not exist
LINE 1: ... "user_user"."last_login", "user_user"."user_id", "user_user...
                                                             ^
HINT:  Perhaps you meant to reference the column "user_user.firstname".

ERROR 2026-03-13 01:05:22,578 basehttp "GET / HTTP/1.1" 500 183255
ERROR 2026-03-13 01:05:22,762 log Internal Server Error: /favicon.ico
Traceback (most recent call last):
  File "/home/mrazim/Projects/DRF/env/lib64/python3.13/site-packages/django/db/backends/utils.py", line 105, in _execute
    return self.cursor.execute(sql, params)
           ~~~~~~~~~~~~~~~~~~~^^^^^^^^^^^^^
psycopg2.errors.UndefinedColumn: column user_user.first_name does not exist
LINE 1: ... "user_user"."last_login", "user_user"."user_id", "user_user...
                                                             ^
HINT:  Perhaps you meant to reference the column "user_user.firstname".


The above exception was the direct cause of the following exception:

Traceback (most recent call last):
  File "/home/mrazim/Projects/DRF/env/lib64/python3.13/site-packages/django/core/handlers/exception.py", line 55, in inner
    response = get_response(request)
  File "/home/mrazim/Projects/DRF/env/lib64/python3.13/site-packages/auditlog/middleware.py", line 69, in __call__
    with set_extra_data(context_data=self.get_extra_data(request)):
                                     ~~~~~~~~~~~~~~~~~~~^^^^^^^^^
  File "/home/mrazim/Projects/DRF/env/lib64/python3.13/site-packages/auditlog/middleware.py", line 62, in get_extra_data
    context_data["actor"] = self._get_actor(request)
                            ~~~~~~~~~~~~~~~^^^^^^^^^
  File "/home/mrazim/Projects/DRF/env/lib64/python3.13/site-packages/auditlog/middleware.py", line 53, in _get_actor
    if isinstance(user, get_user_model()) and user.is_authenticated:
       ~~~~~~~~~~^^^^^^^^^^^^^^^^^^^^^^^^
  File "/home/mrazim/Projects/DRF/env/lib64/python3.13/site-packages/django/utils/functional.py", line 280, in __getattribute__
    value = super().__getattribute__(name)
  File "/home/mrazim/Projects/DRF/env/lib64/python3.13/site-packages/django/utils/functional.py", line 251, in inner
    self._setup()
    ~~~~~~~~~~~^^
  File "/home/mrazim/Projects/DRF/env/lib64/python3.13/site-packages/django/utils/functional.py", line 404, in _setup
    self._wrapped = self._setupfunc()
                    ~~~~~~~~~~~~~~~^^
  File "/home/mrazim/Projects/DRF/env/lib64/python3.13/site-packages/django/contrib/auth/middleware.py", line 39, in <lambda>
    request.user = SimpleLazyObject(lambda: get_user(request))
                                            ~~~~~~~~^^^^^^^^^
  File "/home/mrazim/Projects/DRF/env/lib64/python3.13/site-packages/django/contrib/auth/middleware.py", line 19, in get_user
    request._cached_user = auth.get_user(request)
                           ~~~~~~~~~~~~~^^^^^^^^^
  File "/home/mrazim/Projects/DRF/env/lib64/python3.13/site-packages/django/contrib/auth/__init__.py", line 311, in get_user
    user = backend.get_user(user_id)
  File "/home/mrazim/Projects/DRF/env/lib64/python3.13/site-packages/django/contrib/auth/backends.py", line 232, in get_user
    user = UserModel._default_manager.get(pk=user_id)
  File "/home/mrazim/Projects/DRF/env/lib64/python3.13/site-packages/django/db/models/manager.py", line 87, in manager_method
    return getattr(self.get_queryset(), name)(*args, **kwargs)
           ~~~~~~~~~~~~~~~~~~~~~~~~~~~~~~~~~~^^^^^^^^^^^^^^^^^
  File "/home/mrazim/Projects/DRF/env/lib64/python3.13/site-packages/django/db/models/query.py", line 629, in get
    num = len(clone)
  File "/home/mrazim/Projects/DRF/env/lib64/python3.13/site-packages/django/db/models/query.py", line 366, in __len__
    self._fetch_all()
    ~~~~~~~~~~~~~~~^^
  File "/home/mrazim/Projects/DRF/env/lib64/python3.13/site-packages/django/db/models/query.py", line 1935, in _fetch_all
    self._result_cache = list(self._iterable_class(self))
                         ~~~~^^^^^^^^^^^^^^^^^^^^^^^^^^^^
  File "/home/mrazim/Projects/DRF/env/lib64/python3.13/site-packages/django/db/models/query.py", line 91, in __iter__
    results = compiler.execute_sql(
        chunked_fetch=self.chunked_fetch, chunk_size=self.chunk_size
    )
  File "/home/mrazim/Projects/DRF/env/lib64/python3.13/site-packages/django/db/models/sql/compiler.py", line 1622, in execute_sql
    cursor.execute(sql, params)
    ~~~~~~~~~~~~~~^^^^^^^^^^^^^
  File "/home/mrazim/Projects/DRF/env/lib64/python3.13/site-packages/django/db/backends/utils.py", line 122, in execute
    return super().execute(sql, params)
           ~~~~~~~~~~~~~~~^^^^^^^^^^^^^
  File "/home/mrazim/Projects/DRF/env/lib64/python3.13/site-packages/django/db/backends/utils.py", line 79, in execute
    return self._execute_with_wrappers(
           ~~~~~~~~~~~~~~~~~~~~~~~~~~~^
        sql, params, many=False, executor=self._execute
        ^^^^^^^^^^^^^^^^^^^^^^^^^^^^^^^^^^^^^^^^^^^^^^^
    )
    ^
  File "/home/mrazim/Projects/DRF/env/lib64/python3.13/site-packages/django/db/backends/utils.py", line 92, in _execute_with_wrappers
    return executor(sql, params, many, context)
  File "/home/mrazim/Projects/DRF/env/lib64/python3.13/site-packages/django/db/backends/utils.py", line 100, in _execute
    with self.db.wrap_database_errors:
         ^^^^^^^^^^^^^^^^^^^^^^^^^^^^
  File "/home/mrazim/Projects/DRF/env/lib64/python3.13/site-packages/django/db/utils.py", line 91, in __exit__
    raise dj_exc_value.with_traceback(traceback) from exc_value
  File "/home/mrazim/Projects/DRF/env/lib64/python3.13/site-packages/django/db/backends/utils.py", line 105, in _execute
    return self.cursor.execute(sql, params)
           ~~~~~~~~~~~~~~~~~~~^^^^^^^^^^^^^
django.db.utils.ProgrammingError: column user_user.first_name does not exist
LINE 1: ... "user_user"."last_login", "user_user"."user_id", "user_user...
                                                             ^
HINT:  Perhaps you meant to reference the column "user_user.firstname".

ERROR 2026-03-13 01:05:22,765 basehttp "GET /favicon.ico HTTP/1.1" 500 183076
ERROR 2026-03-13 01:06:06,362 log Internal Server Error: /
Traceback (most recent call last):
  File "/home/mrazim/Projects/DRF/env/lib64/python3.13/site-packages/django/db/backends/utils.py", line 105, in _execute
    return self.cursor.execute(sql, params)
           ~~~~~~~~~~~~~~~~~~~^^^^^^^^^^^^^
psycopg2.errors.UndefinedColumn: column user_user.first_name does not exist
LINE 1: ... "user_user"."last_login", "user_user"."user_id", "user_user...
                                                             ^
HINT:  Perhaps you meant to reference the column "user_user.firstname".


The above exception was the direct cause of the following exception:

Traceback (most recent call last):
  File "/home/mrazim/Projects/DRF/env/lib64/python3.13/site-packages/django/core/handlers/exception.py", line 55, in inner
    response = get_response(request)
  File "/home/mrazim/Projects/DRF/env/lib64/python3.13/site-packages/auditlog/middleware.py", line 69, in __call__
    with set_extra_data(context_data=self.get_extra_data(request)):
                                     ~~~~~~~~~~~~~~~~~~~^^^^^^^^^
  File "/home/mrazim/Projects/DRF/env/lib64/python3.13/site-packages/auditlog/middleware.py", line 62, in get_extra_data
    context_data["actor"] = self._get_actor(request)
                            ~~~~~~~~~~~~~~~^^^^^^^^^
  File "/home/mrazim/Projects/DRF/env/lib64/python3.13/site-packages/auditlog/middleware.py", line 53, in _get_actor
    if isinstance(user, get_user_model()) and user.is_authenticated:
       ~~~~~~~~~~^^^^^^^^^^^^^^^^^^^^^^^^
  File "/home/mrazim/Projects/DRF/env/lib64/python3.13/site-packages/django/utils/functional.py", line 280, in __getattribute__
    value = super().__getattribute__(name)
  File "/home/mrazim/Projects/DRF/env/lib64/python3.13/site-packages/django/utils/functional.py", line 251, in inner
    self._setup()
    ~~~~~~~~~~~^^
  File "/home/mrazim/Projects/DRF/env/lib64/python3.13/site-packages/django/utils/functional.py", line 404, in _setup
    self._wrapped = self._setupfunc()
                    ~~~~~~~~~~~~~~~^^
  File "/home/mrazim/Projects/DRF/env/lib64/python3.13/site-packages/django/contrib/auth/middleware.py", line 39, in <lambda>
    request.user = SimpleLazyObject(lambda: get_user(request))
                                            ~~~~~~~~^^^^^^^^^
  File "/home/mrazim/Projects/DRF/env/lib64/python3.13/site-packages/django/contrib/auth/middleware.py", line 19, in get_user
    request._cached_user = auth.get_user(request)
                           ~~~~~~~~~~~~~^^^^^^^^^
  File "/home/mrazim/Projects/DRF/env/lib64/python3.13/site-packages/django/contrib/auth/__init__.py", line 311, in get_user
    user = backend.get_user(user_id)
  File "/home/mrazim/Projects/DRF/env/lib64/python3.13/site-packages/django/contrib/auth/backends.py", line 232, in get_user
    user = UserModel._default_manager.get(pk=user_id)
  File "/home/mrazim/Projects/DRF/env/lib64/python3.13/site-packages/django/db/models/manager.py", line 87, in manager_method
    return getattr(self.get_queryset(), name)(*args, **kwargs)
           ~~~~~~~~~~~~~~~~~~~~~~~~~~~~~~~~~~^^^^^^^^^^^^^^^^^
  File "/home/mrazim/Projects/DRF/env/lib64/python3.13/site-packages/django/db/models/query.py", line 629, in get
    num = len(clone)
  File "/home/mrazim/Projects/DRF/env/lib64/python3.13/site-packages/django/db/models/query.py", line 366, in __len__
    self._fetch_all()
    ~~~~~~~~~~~~~~~^^
  File "/home/mrazim/Projects/DRF/env/lib64/python3.13/site-packages/django/db/models/query.py", line 1935, in _fetch_all
    self._result_cache = list(self._iterable_class(self))
                         ~~~~^^^^^^^^^^^^^^^^^^^^^^^^^^^^
  File "/home/mrazim/Projects/DRF/env/lib64/python3.13/site-packages/django/db/models/query.py", line 91, in __iter__
    results = compiler.execute_sql(
        chunked_fetch=self.chunked_fetch, chunk_size=self.chunk_size
    )
  File "/home/mrazim/Projects/DRF/env/lib64/python3.13/site-packages/django/db/models/sql/compiler.py", line 1622, in execute_sql
    cursor.execute(sql, params)
    ~~~~~~~~~~~~~~^^^^^^^^^^^^^
  File "/home/mrazim/Projects/DRF/env/lib64/python3.13/site-packages/django/db/backends/utils.py", line 122, in execute
    return super().execute(sql, params)
           ~~~~~~~~~~~~~~~^^^^^^^^^^^^^
  File "/home/mrazim/Projects/DRF/env/lib64/python3.13/site-packages/django/db/backends/utils.py", line 79, in execute
    return self._execute_with_wrappers(
           ~~~~~~~~~~~~~~~~~~~~~~~~~~~^
        sql, params, many=False, executor=self._execute
        ^^^^^^^^^^^^^^^^^^^^^^^^^^^^^^^^^^^^^^^^^^^^^^^
    )
    ^
  File "/home/mrazim/Projects/DRF/env/lib64/python3.13/site-packages/django/db/backends/utils.py", line 92, in _execute_with_wrappers
    return executor(sql, params, many, context)
  File "/home/mrazim/Projects/DRF/env/lib64/python3.13/site-packages/django/db/backends/utils.py", line 100, in _execute
    with self.db.wrap_database_errors:
         ^^^^^^^^^^^^^^^^^^^^^^^^^^^^
  File "/home/mrazim/Projects/DRF/env/lib64/python3.13/site-packages/django/db/utils.py", line 91, in __exit__
    raise dj_exc_value.with_traceback(traceback) from exc_value
  File "/home/mrazim/Projects/DRF/env/lib64/python3.13/site-packages/django/db/backends/utils.py", line 105, in _execute
    return self.cursor.execute(sql, params)
           ~~~~~~~~~~~~~~~~~~~^^^^^^^^^^^^^
django.db.utils.ProgrammingError: column user_user.first_name does not exist
LINE 1: ... "user_user"."last_login", "user_user"."user_id", "user_user...
                                                             ^
HINT:  Perhaps you meant to reference the column "user_user.firstname".

ERROR 2026-03-13 01:06:06,368 basehttp "GET / HTTP/1.1" 500 183255
ERROR 2026-03-13 01:06:06,636 log Internal Server Error: /favicon.ico
Traceback (most recent call last):
  File "/home/mrazim/Projects/DRF/env/lib64/python3.13/site-packages/django/db/backends/utils.py", line 105, in _execute
    return self.cursor.execute(sql, params)
           ~~~~~~~~~~~~~~~~~~~^^^^^^^^^^^^^
psycopg2.errors.UndefinedColumn: column user_user.first_name does not exist
LINE 1: ... "user_user"."last_login", "user_user"."user_id", "user_user...
                                                             ^
HINT:  Perhaps you meant to reference the column "user_user.firstname".


The above exception was the direct cause of the following exception:

Traceback (most recent call last):
  File "/home/mrazim/Projects/DRF/env/lib64/python3.13/site-packages/django/core/handlers/exception.py", line 55, in inner
    response = get_response(request)
  File "/home/mrazim/Projects/DRF/env/lib64/python3.13/site-packages/auditlog/middleware.py", line 69, in __call__
    with set_extra_data(context_data=self.get_extra_data(request)):
                                     ~~~~~~~~~~~~~~~~~~~^^^^^^^^^
  File "/home/mrazim/Projects/DRF/env/lib64/python3.13/site-packages/auditlog/middleware.py", line 62, in get_extra_data
    context_data["actor"] = self._get_actor(request)
                            ~~~~~~~~~~~~~~~^^^^^^^^^
  File "/home/mrazim/Projects/DRF/env/lib64/python3.13/site-packages/auditlog/middleware.py", line 53, in _get_actor
    if isinstance(user, get_user_model()) and user.is_authenticated:
       ~~~~~~~~~~^^^^^^^^^^^^^^^^^^^^^^^^
  File "/home/mrazim/Projects/DRF/env/lib64/python3.13/site-packages/django/utils/functional.py", line 280, in __getattribute__
    value = super().__getattribute__(name)
  File "/home/mrazim/Projects/DRF/env/lib64/python3.13/site-packages/django/utils/functional.py", line 251, in inner
    self._setup()
    ~~~~~~~~~~~^^
  File "/home/mrazim/Projects/DRF/env/lib64/python3.13/site-packages/django/utils/functional.py", line 404, in _setup
    self._wrapped = self._setupfunc()
                    ~~~~~~~~~~~~~~~^^
  File "/home/mrazim/Projects/DRF/env/lib64/python3.13/site-packages/django/contrib/auth/middleware.py", line 39, in <lambda>
    request.user = SimpleLazyObject(lambda: get_user(request))
                                            ~~~~~~~~^^^^^^^^^
  File "/home/mrazim/Projects/DRF/env/lib64/python3.13/site-packages/django/contrib/auth/middleware.py", line 19, in get_user
    request._cached_user = auth.get_user(request)
                           ~~~~~~~~~~~~~^^^^^^^^^
  File "/home/mrazim/Projects/DRF/env/lib64/python3.13/site-packages/django/contrib/auth/__init__.py", line 311, in get_user
    user = backend.get_user(user_id)
  File "/home/mrazim/Projects/DRF/env/lib64/python3.13/site-packages/django/contrib/auth/backends.py", line 232, in get_user
    user = UserModel._default_manager.get(pk=user_id)
  File "/home/mrazim/Projects/DRF/env/lib64/python3.13/site-packages/django/db/models/manager.py", line 87, in manager_method
    return getattr(self.get_queryset(), name)(*args, **kwargs)
           ~~~~~~~~~~~~~~~~~~~~~~~~~~~~~~~~~~^^^^^^^^^^^^^^^^^
  File "/home/mrazim/Projects/DRF/env/lib64/python3.13/site-packages/django/db/models/query.py", line 629, in get
    num = len(clone)
  File "/home/mrazim/Projects/DRF/env/lib64/python3.13/site-packages/django/db/models/query.py", line 366, in __len__
    self._fetch_all()
    ~~~~~~~~~~~~~~~^^
  File "/home/mrazim/Projects/DRF/env/lib64/python3.13/site-packages/django/db/models/query.py", line 1935, in _fetch_all
    self._result_cache = list(self._iterable_class(self))
                         ~~~~^^^^^^^^^^^^^^^^^^^^^^^^^^^^
  File "/home/mrazim/Projects/DRF/env/lib64/python3.13/site-packages/django/db/models/query.py", line 91, in __iter__
    results = compiler.execute_sql(
        chunked_fetch=self.chunked_fetch, chunk_size=self.chunk_size
    )
  File "/home/mrazim/Projects/DRF/env/lib64/python3.13/site-packages/django/db/models/sql/compiler.py", line 1622, in execute_sql
    cursor.execute(sql, params)
    ~~~~~~~~~~~~~~^^^^^^^^^^^^^
  File "/home/mrazim/Projects/DRF/env/lib64/python3.13/site-packages/django/db/backends/utils.py", line 122, in execute
    return super().execute(sql, params)
           ~~~~~~~~~~~~~~~^^^^^^^^^^^^^
  File "/home/mrazim/Projects/DRF/env/lib64/python3.13/site-packages/django/db/backends/utils.py", line 79, in execute
    return self._execute_with_wrappers(
           ~~~~~~~~~~~~~~~~~~~~~~~~~~~^
        sql, params, many=False, executor=self._execute
        ^^^^^^^^^^^^^^^^^^^^^^^^^^^^^^^^^^^^^^^^^^^^^^^
    )
    ^
  File "/home/mrazim/Projects/DRF/env/lib64/python3.13/site-packages/django/db/backends/utils.py", line 92, in _execute_with_wrappers
    return executor(sql, params, many, context)
  File "/home/mrazim/Projects/DRF/env/lib64/python3.13/site-packages/django/db/backends/utils.py", line 100, in _execute
    with self.db.wrap_database_errors:
         ^^^^^^^^^^^^^^^^^^^^^^^^^^^^
  File "/home/mrazim/Projects/DRF/env/lib64/python3.13/site-packages/django/db/utils.py", line 91, in __exit__
    raise dj_exc_value.with_traceback(traceback) from exc_value
  File "/home/mrazim/Projects/DRF/env/lib64/python3.13/site-packages/django/db/backends/utils.py", line 105, in _execute
    return self.cursor.execute(sql, params)
           ~~~~~~~~~~~~~~~~~~~^^^^^^^^^^^^^
django.db.utils.ProgrammingError: column user_user.first_name does not exist
LINE 1: ... "user_user"."last_login", "user_user"."user_id", "user_user...
                                                             ^
HINT:  Perhaps you meant to reference the column "user_user.firstname".

ERROR 2026-03-13 01:06:06,640 basehttp "GET /favicon.ico HTTP/1.1" 500 183076
ERROR 2026-03-13 01:09:26,481 log Internal Server Error: /
Traceback (most recent call last):
  File "/home/mrazim/Projects/DRF/env/lib64/python3.13/site-packages/django/db/backends/utils.py", line 105, in _execute
    return self.cursor.execute(sql, params)
           ~~~~~~~~~~~~~~~~~~~^^^^^^^^^^^^^
psycopg2.errors.UndefinedColumn: column user_user.is_superuser does not exist
LINE 1: ..."user_user"."password", "user_user"."last_login", "user_user...
                                                             ^


The above exception was the direct cause of the following exception:

Traceback (most recent call last):
  File "/home/mrazim/Projects/DRF/env/lib64/python3.13/site-packages/django/core/handlers/exception.py", line 55, in inner
    response = get_response(request)
  File "/home/mrazim/Projects/DRF/env/lib64/python3.13/site-packages/auditlog/middleware.py", line 69, in __call__
    with set_extra_data(context_data=self.get_extra_data(request)):
                                     ~~~~~~~~~~~~~~~~~~~^^^^^^^^^
  File "/home/mrazim/Projects/DRF/env/lib64/python3.13/site-packages/auditlog/middleware.py", line 62, in get_extra_data
    context_data["actor"] = self._get_actor(request)
                            ~~~~~~~~~~~~~~~^^^^^^^^^
  File "/home/mrazim/Projects/DRF/env/lib64/python3.13/site-packages/auditlog/middleware.py", line 53, in _get_actor
    if isinstance(user, get_user_model()) and user.is_authenticated:
       ~~~~~~~~~~^^^^^^^^^^^^^^^^^^^^^^^^
  File "/home/mrazim/Projects/DRF/env/lib64/python3.13/site-packages/django/utils/functional.py", line 280, in __getattribute__
    value = super().__getattribute__(name)
  File "/home/mrazim/Projects/DRF/env/lib64/python3.13/site-packages/django/utils/functional.py", line 251, in inner
    self._setup()
    ~~~~~~~~~~~^^
  File "/home/mrazim/Projects/DRF/env/lib64/python3.13/site-packages/django/utils/functional.py", line 404, in _setup
    self._wrapped = self._setupfunc()
                    ~~~~~~~~~~~~~~~^^
  File "/home/mrazim/Projects/DRF/env/lib64/python3.13/site-packages/django/contrib/auth/middleware.py", line 39, in <lambda>
    request.user = SimpleLazyObject(lambda: get_user(request))
                                            ~~~~~~~~^^^^^^^^^
  File "/home/mrazim/Projects/DRF/env/lib64/python3.13/site-packages/django/contrib/auth/middleware.py", line 19, in get_user
    request._cached_user = auth.get_user(request)
                           ~~~~~~~~~~~~~^^^^^^^^^
  File "/home/mrazim/Projects/DRF/env/lib64/python3.13/site-packages/django/contrib/auth/__init__.py", line 311, in get_user
    user = backend.get_user(user_id)
  File "/home/mrazim/Projects/DRF/env/lib64/python3.13/site-packages/django/contrib/auth/backends.py", line 232, in get_user
    user = UserModel._default_manager.get(pk=user_id)
  File "/home/mrazim/Projects/DRF/env/lib64/python3.13/site-packages/django/db/models/manager.py", line 87, in manager_method
    return getattr(self.get_queryset(), name)(*args, **kwargs)
           ~~~~~~~~~~~~~~~~~~~~~~~~~~~~~~~~~~^^^^^^^^^^^^^^^^^
  File "/home/mrazim/Projects/DRF/env/lib64/python3.13/site-packages/django/db/models/query.py", line 629, in get
    num = len(clone)
  File "/home/mrazim/Projects/DRF/env/lib64/python3.13/site-packages/django/db/models/query.py", line 366, in __len__
    self._fetch_all()
    ~~~~~~~~~~~~~~~^^
  File "/home/mrazim/Projects/DRF/env/lib64/python3.13/site-packages/django/db/models/query.py", line 1935, in _fetch_all
    self._result_cache = list(self._iterable_class(self))
                         ~~~~^^^^^^^^^^^^^^^^^^^^^^^^^^^^
  File "/home/mrazim/Projects/DRF/env/lib64/python3.13/site-packages/django/db/models/query.py", line 91, in __iter__
    results = compiler.execute_sql(
        chunked_fetch=self.chunked_fetch, chunk_size=self.chunk_size
    )
  File "/home/mrazim/Projects/DRF/env/lib64/python3.13/site-packages/django/db/models/sql/compiler.py", line 1622, in execute_sql
    cursor.execute(sql, params)
    ~~~~~~~~~~~~~~^^^^^^^^^^^^^
  File "/home/mrazim/Projects/DRF/env/lib64/python3.13/site-packages/django/db/backends/utils.py", line 122, in execute
    return super().execute(sql, params)
           ~~~~~~~~~~~~~~~^^^^^^^^^^^^^
  File "/home/mrazim/Projects/DRF/env/lib64/python3.13/site-packages/django/db/backends/utils.py", line 79, in execute
    return self._execute_with_wrappers(
           ~~~~~~~~~~~~~~~~~~~~~~~~~~~^
        sql, params, many=False, executor=self._execute
        ^^^^^^^^^^^^^^^^^^^^^^^^^^^^^^^^^^^^^^^^^^^^^^^
    )
    ^
  File "/home/mrazim/Projects/DRF/env/lib64/python3.13/site-packages/django/db/backends/utils.py", line 92, in _execute_with_wrappers
    return executor(sql, params, many, context)
  File "/home/mrazim/Projects/DRF/env/lib64/python3.13/site-packages/django/db/backends/utils.py", line 100, in _execute
    with self.db.wrap_database_errors:
         ^^^^^^^^^^^^^^^^^^^^^^^^^^^^
  File "/home/mrazim/Projects/DRF/env/lib64/python3.13/site-packages/django/db/utils.py", line 91, in __exit__
    raise dj_exc_value.with_traceback(traceback) from exc_value
  File "/home/mrazim/Projects/DRF/env/lib64/python3.13/site-packages/django/db/backends/utils.py", line 105, in _execute
    return self.cursor.execute(sql, params)
           ~~~~~~~~~~~~~~~~~~~^^^^^^^^^^^^^
django.db.utils.ProgrammingError: column user_user.is_superuser does not exist
LINE 1: ..."user_user"."password", "user_user"."last_login", "user_user...
                                                             ^

ERROR 2026-03-13 01:09:26,488 basehttp "GET / HTTP/1.1" 500 181824
ERROR 2026-03-13 01:09:26,727 log Internal Server Error: /favicon.ico
Traceback (most recent call last):
  File "/home/mrazim/Projects/DRF/env/lib64/python3.13/site-packages/django/db/backends/utils.py", line 105, in _execute
    return self.cursor.execute(sql, params)
           ~~~~~~~~~~~~~~~~~~~^^^^^^^^^^^^^
psycopg2.errors.UndefinedColumn: column user_user.is_superuser does not exist
LINE 1: ..."user_user"."password", "user_user"."last_login", "user_user...
                                                             ^


The above exception was the direct cause of the following exception:

Traceback (most recent call last):
  File "/home/mrazim/Projects/DRF/env/lib64/python3.13/site-packages/django/core/handlers/exception.py", line 55, in inner
    response = get_response(request)
  File "/home/mrazim/Projects/DRF/env/lib64/python3.13/site-packages/auditlog/middleware.py", line 69, in __call__
    with set_extra_data(context_data=self.get_extra_data(request)):
                                     ~~~~~~~~~~~~~~~~~~~^^^^^^^^^
  File "/home/mrazim/Projects/DRF/env/lib64/python3.13/site-packages/auditlog/middleware.py", line 62, in get_extra_data
    context_data["actor"] = self._get_actor(request)
                            ~~~~~~~~~~~~~~~^^^^^^^^^
  File "/home/mrazim/Projects/DRF/env/lib64/python3.13/site-packages/auditlog/middleware.py", line 53, in _get_actor
    if isinstance(user, get_user_model()) and user.is_authenticated:
       ~~~~~~~~~~^^^^^^^^^^^^^^^^^^^^^^^^
  File "/home/mrazim/Projects/DRF/env/lib64/python3.13/site-packages/django/utils/functional.py", line 280, in __getattribute__
    value = super().__getattribute__(name)
  File "/home/mrazim/Projects/DRF/env/lib64/python3.13/site-packages/django/utils/functional.py", line 251, in inner
    self._setup()
    ~~~~~~~~~~~^^
  File "/home/mrazim/Projects/DRF/env/lib64/python3.13/site-packages/django/utils/functional.py", line 404, in _setup
    self._wrapped = self._setupfunc()
                    ~~~~~~~~~~~~~~~^^
  File "/home/mrazim/Projects/DRF/env/lib64/python3.13/site-packages/django/contrib/auth/middleware.py", line 39, in <lambda>
    request.user = SimpleLazyObject(lambda: get_user(request))
                                            ~~~~~~~~^^^^^^^^^
  File "/home/mrazim/Projects/DRF/env/lib64/python3.13/site-packages/django/contrib/auth/middleware.py", line 19, in get_user
    request._cached_user = auth.get_user(request)
                           ~~~~~~~~~~~~~^^^^^^^^^
  File "/home/mrazim/Projects/DRF/env/lib64/python3.13/site-packages/django/contrib/auth/__init__.py", line 311, in get_user
    user = backend.get_user(user_id)
  File "/home/mrazim/Projects/DRF/env/lib64/python3.13/site-packages/django/contrib/auth/backends.py", line 232, in get_user
    user = UserModel._default_manager.get(pk=user_id)
  File "/home/mrazim/Projects/DRF/env/lib64/python3.13/site-packages/django/db/models/manager.py", line 87, in manager_method
    return getattr(self.get_queryset(), name)(*args, **kwargs)
           ~~~~~~~~~~~~~~~~~~~~~~~~~~~~~~~~~~^^^^^^^^^^^^^^^^^
  File "/home/mrazim/Projects/DRF/env/lib64/python3.13/site-packages/django/db/models/query.py", line 629, in get
    num = len(clone)
  File "/home/mrazim/Projects/DRF/env/lib64/python3.13/site-packages/django/db/models/query.py", line 366, in __len__
    self._fetch_all()
    ~~~~~~~~~~~~~~~^^
  File "/home/mrazim/Projects/DRF/env/lib64/python3.13/site-packages/django/db/models/query.py", line 1935, in _fetch_all
    self._result_cache = list(self._iterable_class(self))
                         ~~~~^^^^^^^^^^^^^^^^^^^^^^^^^^^^
  File "/home/mrazim/Projects/DRF/env/lib64/python3.13/site-packages/django/db/models/query.py", line 91, in __iter__
    results = compiler.execute_sql(
        chunked_fetch=self.chunked_fetch, chunk_size=self.chunk_size
    )
  File "/home/mrazim/Projects/DRF/env/lib64/python3.13/site-packages/django/db/models/sql/compiler.py", line 1622, in execute_sql
    cursor.execute(sql, params)
    ~~~~~~~~~~~~~~^^^^^^^^^^^^^
  File "/home/mrazim/Projects/DRF/env/lib64/python3.13/site-packages/django/db/backends/utils.py", line 122, in execute
    return super().execute(sql, params)
           ~~~~~~~~~~~~~~~^^^^^^^^^^^^^
  File "/home/mrazim/Projects/DRF/env/lib64/python3.13/site-packages/django/db/backends/utils.py", line 79, in execute
    return self._execute_with_wrappers(
           ~~~~~~~~~~~~~~~~~~~~~~~~~~~^
        sql, params, many=False, executor=self._execute
        ^^^^^^^^^^^^^^^^^^^^^^^^^^^^^^^^^^^^^^^^^^^^^^^
    )
    ^
  File "/home/mrazim/Projects/DRF/env/lib64/python3.13/site-packages/django/db/backends/utils.py", line 92, in _execute_with_wrappers
    return executor(sql, params, many, context)
  File "/home/mrazim/Projects/DRF/env/lib64/python3.13/site-packages/django/db/backends/utils.py", line 100, in _execute
    with self.db.wrap_database_errors:
         ^^^^^^^^^^^^^^^^^^^^^^^^^^^^
  File "/home/mrazim/Projects/DRF/env/lib64/python3.13/site-packages/django/db/utils.py", line 91, in __exit__
    raise dj_exc_value.with_traceback(traceback) from exc_value
  File "/home/mrazim/Projects/DRF/env/lib64/python3.13/site-packages/django/db/backends/utils.py", line 105, in _execute
    return self.cursor.execute(sql, params)
           ~~~~~~~~~~~~~~~~~~~^^^^^^^^^^^^^
django.db.utils.ProgrammingError: column user_user.is_superuser does not exist
LINE 1: ..."user_user"."password", "user_user"."last_login", "user_user...
                                                             ^

ERROR 2026-03-13 01:09:26,730 basehttp "GET /favicon.ico HTTP/1.1" 500 181645
ERROR 2026-03-15 12:40:00,379 log Internal Server Error: /api/schema/
Traceback (most recent call last):
  File "/home/mrazim/Projects/DRF/env/lib64/python3.13/site-packages/django/core/handlers/exception.py", line 55, in inner
    response = get_response(request)
  File "/home/mrazim/Projects/DRF/env/lib64/python3.13/site-packages/django/core/handlers/base.py", line 197, in _get_response
    response = wrapped_callback(request, *callback_args, **callback_kwargs)
  File "/home/mrazim/Projects/DRF/env/lib64/python3.13/site-packages/django/views/decorators/csrf.py", line 65, in _view_wrapper
    return view_func(request, *args, **kwargs)
  File "/home/mrazim/Projects/DRF/env/lib64/python3.13/site-packages/django/views/generic/base.py", line 104, in view
    return self.dispatch(request, *args, **kwargs)
           ~~~~~~~~~~~~~^^^^^^^^^^^^^^^^^^^^^^^^^^
  File "/home/mrazim/Projects/DRF/env/lib64/python3.13/site-packages/rest_framework/views.py", line 515, in dispatch
    response = self.handle_exception(exc)
  File "/home/mrazim/Projects/DRF/env/lib64/python3.13/site-packages/rest_framework/views.py", line 475, in handle_exception
    self.raise_uncaught_exception(exc)
    ~~~~~~~~~~~~~~~~~~~~~~~~~~~~~^^^^^
  File "/home/mrazim/Projects/DRF/env/lib64/python3.13/site-packages/rest_framework/views.py", line 486, in raise_uncaught_exception
    raise exc
  File "/home/mrazim/Projects/DRF/env/lib64/python3.13/site-packages/rest_framework/views.py", line 512, in dispatch
    response = handler(request, *args, **kwargs)
  File "/home/mrazim/Projects/DRF/env/lib64/python3.13/site-packages/drf_spectacular/views.py", line 84, in get
    return self._get_schema_response(request)
           ~~~~~~~~~~~~~~~~~~~~~~~~~^^^^^^^^^
  File "/home/mrazim/Projects/DRF/env/lib64/python3.13/site-packages/drf_spectacular/views.py", line 92, in _get_schema_response
    data=generator.get_schema(request=request, public=self.serve_public),
         ~~~~~~~~~~~~~~~~~~~~^^^^^^^^^^^^^^^^^^^^^^^^^^^^^^^^^^^^^^^^^^^
  File "/home/mrazim/Projects/DRF/env/lib64/python3.13/site-packages/drf_spectacular/generators.py", line 287, in get_schema
    paths=self.parse(request, public),
          ~~~~~~~~~~^^^^^^^^^^^^^^^^^
  File "/home/mrazim/Projects/DRF/env/lib64/python3.13/site-packages/drf_spectacular/generators.py", line 258, in parse
    operation = view.schema.get_operation(
        path, path_regex, path_prefix, method, self.registry
    )
  File "/home/mrazim/Projects/DRF/env/lib64/python3.13/site-packages/drf_spectacular/openapi.py", line 113, in get_operation
    operation['responses'] = self._get_response_bodies()
                             ~~~~~~~~~~~~~~~~~~~~~~~~~^^
  File "/home/mrazim/Projects/DRF/env/lib64/python3.13/site-packages/drf_spectacular/openapi.py", line 1407, in _get_response_bodies
    return {'200': self._get_response_for_code(response_serializers, '200', direction=direction)}
                   ~~~~~~~~~~~~~~~~~~~~~~~~~~~^^^^^^^^^^^^^^^^^^^^^^^^^^^^^^^^^^^^^^^^^^^^^^^^^^
  File "/home/mrazim/Projects/DRF/env/lib64/python3.13/site-packages/drf_spectacular/openapi.py", line 1463, in _get_response_for_code
    component = self.resolve_serializer(serializer, direction)
  File "/home/mrazim/Projects/DRF/env/lib64/python3.13/site-packages/drf_spectacular/openapi.py", line 1658, in resolve_serializer
    component.schema = self._map_serializer(serializer, direction, bypass_extensions)
                       ~~~~~~~~~~~~~~~~~~~~^^^^^^^^^^^^^^^^^^^^^^^^^^^^^^^^^^^^^^^^^^
  File "/home/mrazim/Projects/DRF/env/lib64/python3.13/site-packages/drf_spectacular/openapi.py", line 959, in _map_serializer
    schema = self._map_basic_serializer(serializer, direction)
  File "/home/mrazim/Projects/DRF/env/lib64/python3.13/site-packages/drf_spectacular/openapi.py", line 1058, in _map_basic_serializer
    schema = self._map_serializer_field(field, direction)
  File "/home/mrazim/Projects/DRF/env/lib64/python3.13/site-packages/drf_spectacular/openapi.py", line 685, in _map_serializer_field
    component = self.resolve_serializer(field, direction)
  File "/home/mrazim/Projects/DRF/env/lib64/python3.13/site-packages/drf_spectacular/openapi.py", line 1658, in resolve_serializer
    component.schema = self._map_serializer(serializer, direction, bypass_extensions)
                       ~~~~~~~~~~~~~~~~~~~~^^^^^^^^^^^^^^^^^^^^^^^^^^^^^^^^^^^^^^^^^^
  File "/home/mrazim/Projects/DRF/env/lib64/python3.13/site-packages/drf_spectacular/openapi.py", line 959, in _map_serializer
    schema = self._map_basic_serializer(serializer, direction)
  File "/home/mrazim/Projects/DRF/env/lib64/python3.13/site-packages/drf_spectacular/openapi.py", line 1052, in _map_basic_serializer
    for field in serializer.fields.values():
                 ^^^^^^^^^^^^^^^^^
  File "/home/mrazim/Projects/DRF/env/lib64/python3.13/site-packages/django/utils/functional.py", line 47, in __get__
    res = instance.__dict__[self.name] = self.func(instance)
                                         ~~~~~~~~~^^^^^^^^^^
  File "/home/mrazim/Projects/DRF/env/lib64/python3.13/site-packages/rest_framework/serializers.py", line 374, in fields
    for key, value in self.get_fields().items():
                      ~~~~~~~~~~~~~~~^^
  File "/home/mrazim/Projects/DRF/env/lib64/python3.13/site-packages/rest_framework/serializers.py", line 1105, in get_fields
    field_class, field_kwargs = self.build_field(
                                ~~~~~~~~~~~~~~~~^
        source, info, model, depth
        ^^^^^^^^^^^^^^^^^^^^^^^^^^
    )
    ^
  File "/home/mrazim/Projects/DRF/env/lib64/python3.13/site-packages/rest_framework/serializers.py", line 1251, in build_field
    return self.build_unknown_field(field_name, model_class)
           ~~~~~~~~~~~~~~~~~~~~~~~~^^^^^^^^^^^^^^^^^^^^^^^^^
  File "/home/mrazim/Projects/DRF/env/lib64/python3.13/site-packages/rest_framework/serializers.py", line 1369, in build_unknown_field
    raise ImproperlyConfigured(
    ...<2 lines>...
    )
django.core.exceptions.ImproperlyConfigured: Field name `firstname` is not valid for model `User` in `user.serializers.minimalserializers.MinimalUserSerializer`.
ERROR 2026-03-15 12:40:00,387 basehttp "GET /api/schema/ HTTP/1.1" 500 214784
ERROR 2026-03-15 12:40:00,544 log Internal Server Error: /api/schema/
Traceback (most recent call last):
  File "/home/mrazim/Projects/DRF/env/lib64/python3.13/site-packages/django/core/handlers/exception.py", line 55, in inner
    response = get_response(request)
  File "/home/mrazim/Projects/DRF/env/lib64/python3.13/site-packages/django/core/handlers/base.py", line 197, in _get_response
    response = wrapped_callback(request, *callback_args, **callback_kwargs)
  File "/home/mrazim/Projects/DRF/env/lib64/python3.13/site-packages/django/views/decorators/csrf.py", line 65, in _view_wrapper
    return view_func(request, *args, **kwargs)
  File "/home/mrazim/Projects/DRF/env/lib64/python3.13/site-packages/django/views/generic/base.py", line 104, in view
    return self.dispatch(request, *args, **kwargs)
           ~~~~~~~~~~~~~^^^^^^^^^^^^^^^^^^^^^^^^^^
  File "/home/mrazim/Projects/DRF/env/lib64/python3.13/site-packages/rest_framework/views.py", line 515, in dispatch
    response = self.handle_exception(exc)
  File "/home/mrazim/Projects/DRF/env/lib64/python3.13/site-packages/rest_framework/views.py", line 475, in handle_exception
    self.raise_uncaught_exception(exc)
    ~~~~~~~~~~~~~~~~~~~~~~~~~~~~~^^^^^
  File "/home/mrazim/Projects/DRF/env/lib64/python3.13/site-packages/rest_framework/views.py", line 486, in raise_uncaught_exception
    raise exc
  File "/home/mrazim/Projects/DRF/env/lib64/python3.13/site-packages/rest_framework/views.py", line 512, in dispatch
    response = handler(request, *args, **kwargs)
  File "/home/mrazim/Projects/DRF/env/lib64/python3.13/site-packages/drf_spectacular/views.py", line 84, in get
    return self._get_schema_response(request)
           ~~~~~~~~~~~~~~~~~~~~~~~~~^^^^^^^^^
  File "/home/mrazim/Projects/DRF/env/lib64/python3.13/site-packages/drf_spectacular/views.py", line 92, in _get_schema_response
    data=generator.get_schema(request=request, public=self.serve_public),
         ~~~~~~~~~~~~~~~~~~~~^^^^^^^^^^^^^^^^^^^^^^^^^^^^^^^^^^^^^^^^^^^
  File "/home/mrazim/Projects/DRF/env/lib64/python3.13/site-packages/drf_spectacular/generators.py", line 287, in get_schema
    paths=self.parse(request, public),
          ~~~~~~~~~~^^^^^^^^^^^^^^^^^
  File "/home/mrazim/Projects/DRF/env/lib64/python3.13/site-packages/drf_spectacular/generators.py", line 258, in parse
    operation = view.schema.get_operation(
        path, path_regex, path_prefix, method, self.registry
    )
  File "/home/mrazim/Projects/DRF/env/lib64/python3.13/site-packages/drf_spectacular/openapi.py", line 113, in get_operation
    operation['responses'] = self._get_response_bodies()
                             ~~~~~~~~~~~~~~~~~~~~~~~~~^^
  File "/home/mrazim/Projects/DRF/env/lib64/python3.13/site-packages/drf_spectacular/openapi.py", line 1407, in _get_response_bodies
    return {'200': self._get_response_for_code(response_serializers, '200', direction=direction)}
                   ~~~~~~~~~~~~~~~~~~~~~~~~~~~^^^^^^^^^^^^^^^^^^^^^^^^^^^^^^^^^^^^^^^^^^^^^^^^^^
  File "/home/mrazim/Projects/DRF/env/lib64/python3.13/site-packages/drf_spectacular/openapi.py", line 1463, in _get_response_for_code
    component = self.resolve_serializer(serializer, direction)
  File "/home/mrazim/Projects/DRF/env/lib64/python3.13/site-packages/drf_spectacular/openapi.py", line 1658, in resolve_serializer
    component.schema = self._map_serializer(serializer, direction, bypass_extensions)
                       ~~~~~~~~~~~~~~~~~~~~^^^^^^^^^^^^^^^^^^^^^^^^^^^^^^^^^^^^^^^^^^
  File "/home/mrazim/Projects/DRF/env/lib64/python3.13/site-packages/drf_spectacular/openapi.py", line 959, in _map_serializer
    schema = self._map_basic_serializer(serializer, direction)
  File "/home/mrazim/Projects/DRF/env/lib64/python3.13/site-packages/drf_spectacular/openapi.py", line 1058, in _map_basic_serializer
    schema = self._map_serializer_field(field, direction)
  File "/home/mrazim/Projects/DRF/env/lib64/python3.13/site-packages/drf_spectacular/openapi.py", line 685, in _map_serializer_field
    component = self.resolve_serializer(field, direction)
  File "/home/mrazim/Projects/DRF/env/lib64/python3.13/site-packages/drf_spectacular/openapi.py", line 1658, in resolve_serializer
    component.schema = self._map_serializer(serializer, direction, bypass_extensions)
                       ~~~~~~~~~~~~~~~~~~~~^^^^^^^^^^^^^^^^^^^^^^^^^^^^^^^^^^^^^^^^^^
  File "/home/mrazim/Projects/DRF/env/lib64/python3.13/site-packages/drf_spectacular/openapi.py", line 959, in _map_serializer
    schema = self._map_basic_serializer(serializer, direction)
  File "/home/mrazim/Projects/DRF/env/lib64/python3.13/site-packages/drf_spectacular/openapi.py", line 1052, in _map_basic_serializer
    for field in serializer.fields.values():
                 ^^^^^^^^^^^^^^^^^
  File "/home/mrazim/Projects/DRF/env/lib64/python3.13/site-packages/django/utils/functional.py", line 47, in __get__
    res = instance.__dict__[self.name] = self.func(instance)
                                         ~~~~~~~~~^^^^^^^^^^
  File "/home/mrazim/Projects/DRF/env/lib64/python3.13/site-packages/rest_framework/serializers.py", line 374, in fields
    for key, value in self.get_fields().items():
                      ~~~~~~~~~~~~~~~^^
  File "/home/mrazim/Projects/DRF/env/lib64/python3.13/site-packages/rest_framework/serializers.py", line 1105, in get_fields
    field_class, field_kwargs = self.build_field(
                                ~~~~~~~~~~~~~~~~^
        source, info, model, depth
        ^^^^^^^^^^^^^^^^^^^^^^^^^^
    )
    ^
  File "/home/mrazim/Projects/DRF/env/lib64/python3.13/site-packages/rest_framework/serializers.py", line 1251, in build_field
    return self.build_unknown_field(field_name, model_class)
           ~~~~~~~~~~~~~~~~~~~~~~~~^^^^^^^^^^^^^^^^^^^^^^^^^
  File "/home/mrazim/Projects/DRF/env/lib64/python3.13/site-packages/rest_framework/serializers.py", line 1369, in build_unknown_field
    raise ImproperlyConfigured(
    ...<2 lines>...
    )
django.core.exceptions.ImproperlyConfigured: Field name `firstname` is not valid for model `User` in `user.serializers.minimalserializers.MinimalUserSerializer`.
ERROR 2026-03-15 12:40:00,548 basehttp "GET /api/schema/ HTTP/1.1" 500 214784
ERROR 2026-03-15 12:40:20,823 log Internal Server Error: /api/schema/
Traceback (most recent call last):
  File "/home/mrazim/Projects/DRF/env/lib64/python3.13/site-packages/django/core/handlers/exception.py", line 55, in inner
    response = get_response(request)
  File "/home/mrazim/Projects/DRF/env/lib64/python3.13/site-packages/django/core/handlers/base.py", line 197, in _get_response
    response = wrapped_callback(request, *callback_args, **callback_kwargs)
  File "/home/mrazim/Projects/DRF/env/lib64/python3.13/site-packages/django/views/decorators/csrf.py", line 65, in _view_wrapper
    return view_func(request, *args, **kwargs)
  File "/home/mrazim/Projects/DRF/env/lib64/python3.13/site-packages/django/views/generic/base.py", line 104, in view
    return self.dispatch(request, *args, **kwargs)
           ~~~~~~~~~~~~~^^^^^^^^^^^^^^^^^^^^^^^^^^
  File "/home/mrazim/Projects/DRF/env/lib64/python3.13/site-packages/rest_framework/views.py", line 515, in dispatch
    response = self.handle_exception(exc)
  File "/home/mrazim/Projects/DRF/env/lib64/python3.13/site-packages/rest_framework/views.py", line 475, in handle_exception
    self.raise_uncaught_exception(exc)
    ~~~~~~~~~~~~~~~~~~~~~~~~~~~~~^^^^^
  File "/home/mrazim/Projects/DRF/env/lib64/python3.13/site-packages/rest_framework/views.py", line 486, in raise_uncaught_exception
    raise exc
  File "/home/mrazim/Projects/DRF/env/lib64/python3.13/site-packages/rest_framework/views.py", line 512, in dispatch
    response = handler(request, *args, **kwargs)
  File "/home/mrazim/Projects/DRF/env/lib64/python3.13/site-packages/drf_spectacular/views.py", line 84, in get
    return self._get_schema_response(request)
           ~~~~~~~~~~~~~~~~~~~~~~~~~^^^^^^^^^
  File "/home/mrazim/Projects/DRF/env/lib64/python3.13/site-packages/drf_spectacular/views.py", line 92, in _get_schema_response
    data=generator.get_schema(request=request, public=self.serve_public),
         ~~~~~~~~~~~~~~~~~~~~^^^^^^^^^^^^^^^^^^^^^^^^^^^^^^^^^^^^^^^^^^^
  File "/home/mrazim/Projects/DRF/env/lib64/python3.13/site-packages/drf_spectacular/generators.py", line 287, in get_schema
    paths=self.parse(request, public),
          ~~~~~~~~~~^^^^^^^^^^^^^^^^^
  File "/home/mrazim/Projects/DRF/env/lib64/python3.13/site-packages/drf_spectacular/generators.py", line 258, in parse
    operation = view.schema.get_operation(
        path, path_regex, path_prefix, method, self.registry
    )
  File "/home/mrazim/Projects/DRF/env/lib64/python3.13/site-packages/drf_spectacular/openapi.py", line 113, in get_operation
    operation['responses'] = self._get_response_bodies()
                             ~~~~~~~~~~~~~~~~~~~~~~~~~^^
  File "/home/mrazim/Projects/DRF/env/lib64/python3.13/site-packages/drf_spectacular/openapi.py", line 1407, in _get_response_bodies
    return {'200': self._get_response_for_code(response_serializers, '200', direction=direction)}
                   ~~~~~~~~~~~~~~~~~~~~~~~~~~~^^^^^^^^^^^^^^^^^^^^^^^^^^^^^^^^^^^^^^^^^^^^^^^^^^
  File "/home/mrazim/Projects/DRF/env/lib64/python3.13/site-packages/drf_spectacular/openapi.py", line 1463, in _get_response_for_code
    component = self.resolve_serializer(serializer, direction)
  File "/home/mrazim/Projects/DRF/env/lib64/python3.13/site-packages/drf_spectacular/openapi.py", line 1658, in resolve_serializer
    component.schema = self._map_serializer(serializer, direction, bypass_extensions)
                       ~~~~~~~~~~~~~~~~~~~~^^^^^^^^^^^^^^^^^^^^^^^^^^^^^^^^^^^^^^^^^^
  File "/home/mrazim/Projects/DRF/env/lib64/python3.13/site-packages/drf_spectacular/openapi.py", line 959, in _map_serializer
    schema = self._map_basic_serializer(serializer, direction)
  File "/home/mrazim/Projects/DRF/env/lib64/python3.13/site-packages/drf_spectacular/openapi.py", line 1058, in _map_basic_serializer
    schema = self._map_serializer_field(field, direction)
  File "/home/mrazim/Projects/DRF/env/lib64/python3.13/site-packages/drf_spectacular/openapi.py", line 685, in _map_serializer_field
    component = self.resolve_serializer(field, direction)
  File "/home/mrazim/Projects/DRF/env/lib64/python3.13/site-packages/drf_spectacular/openapi.py", line 1658, in resolve_serializer
    component.schema = self._map_serializer(serializer, direction, bypass_extensions)
                       ~~~~~~~~~~~~~~~~~~~~^^^^^^^^^^^^^^^^^^^^^^^^^^^^^^^^^^^^^^^^^^
  File "/home/mrazim/Projects/DRF/env/lib64/python3.13/site-packages/drf_spectacular/openapi.py", line 959, in _map_serializer
    schema = self._map_basic_serializer(serializer, direction)
  File "/home/mrazim/Projects/DRF/env/lib64/python3.13/site-packages/drf_spectacular/openapi.py", line 1052, in _map_basic_serializer
    for field in serializer.fields.values():
                 ^^^^^^^^^^^^^^^^^
  File "/home/mrazim/Projects/DRF/env/lib64/python3.13/site-packages/django/utils/functional.py", line 47, in __get__
    res = instance.__dict__[self.name] = self.func(instance)
                                         ~~~~~~~~~^^^^^^^^^^
  File "/home/mrazim/Projects/DRF/env/lib64/python3.13/site-packages/rest_framework/serializers.py", line 374, in fields
    for key, value in self.get_fields().items():
                      ~~~~~~~~~~~~~~~^^
  File "/home/mrazim/Projects/DRF/env/lib64/python3.13/site-packages/rest_framework/serializers.py", line 1105, in get_fields
    field_class, field_kwargs = self.build_field(
                                ~~~~~~~~~~~~~~~~^
        source, info, model, depth
        ^^^^^^^^^^^^^^^^^^^^^^^^^^
    )
    ^
  File "/home/mrazim/Projects/DRF/env/lib64/python3.13/site-packages/rest_framework/serializers.py", line 1251, in build_field
    return self.build_unknown_field(field_name, model_class)
           ~~~~~~~~~~~~~~~~~~~~~~~~^^^^^^^^^^^^^^^^^^^^^^^^^
  File "/home/mrazim/Projects/DRF/env/lib64/python3.13/site-packages/rest_framework/serializers.py", line 1369, in build_unknown_field
    raise ImproperlyConfigured(
    ...<2 lines>...
    )
django.core.exceptions.ImproperlyConfigured: Field name `firstname` is not valid for model `User` in `user.serializers.minimalserializers.MinimalUserSerializer`.
ERROR 2026-03-15 12:40:20,829 basehttp "GET /api/schema/ HTTP/1.1" 500 214784
ERROR 2026-03-15 12:40:20,964 log Internal Server Error: /api/schema/
Traceback (most recent call last):
  File "/home/mrazim/Projects/DRF/env/lib64/python3.13/site-packages/django/core/handlers/exception.py", line 55, in inner
    response = get_response(request)
  File "/home/mrazim/Projects/DRF/env/lib64/python3.13/site-packages/django/core/handlers/base.py", line 197, in _get_response
    response = wrapped_callback(request, *callback_args, **callback_kwargs)
  File "/home/mrazim/Projects/DRF/env/lib64/python3.13/site-packages/django/views/decorators/csrf.py", line 65, in _view_wrapper
    return view_func(request, *args, **kwargs)
  File "/home/mrazim/Projects/DRF/env/lib64/python3.13/site-packages/django/views/generic/base.py", line 104, in view
    return self.dispatch(request, *args, **kwargs)
           ~~~~~~~~~~~~~^^^^^^^^^^^^^^^^^^^^^^^^^^
  File "/home/mrazim/Projects/DRF/env/lib64/python3.13/site-packages/rest_framework/views.py", line 515, in dispatch
    response = self.handle_exception(exc)
  File "/home/mrazim/Projects/DRF/env/lib64/python3.13/site-packages/rest_framework/views.py", line 475, in handle_exception
    self.raise_uncaught_exception(exc)
    ~~~~~~~~~~~~~~~~~~~~~~~~~~~~~^^^^^
  File "/home/mrazim/Projects/DRF/env/lib64/python3.13/site-packages/rest_framework/views.py", line 486, in raise_uncaught_exception
    raise exc
  File "/home/mrazim/Projects/DRF/env/lib64/python3.13/site-packages/rest_framework/views.py", line 512, in dispatch
    response = handler(request, *args, **kwargs)
  File "/home/mrazim/Projects/DRF/env/lib64/python3.13/site-packages/drf_spectacular/views.py", line 84, in get
    return self._get_schema_response(request)
           ~~~~~~~~~~~~~~~~~~~~~~~~~^^^^^^^^^
  File "/home/mrazim/Projects/DRF/env/lib64/python3.13/site-packages/drf_spectacular/views.py", line 92, in _get_schema_response
    data=generator.get_schema(request=request, public=self.serve_public),
         ~~~~~~~~~~~~~~~~~~~~^^^^^^^^^^^^^^^^^^^^^^^^^^^^^^^^^^^^^^^^^^^
  File "/home/mrazim/Projects/DRF/env/lib64/python3.13/site-packages/drf_spectacular/generators.py", line 287, in get_schema
    paths=self.parse(request, public),
          ~~~~~~~~~~^^^^^^^^^^^^^^^^^
  File "/home/mrazim/Projects/DRF/env/lib64/python3.13/site-packages/drf_spectacular/generators.py", line 258, in parse
    operation = view.schema.get_operation(
        path, path_regex, path_prefix, method, self.registry
    )
  File "/home/mrazim/Projects/DRF/env/lib64/python3.13/site-packages/drf_spectacular/openapi.py", line 113, in get_operation
    operation['responses'] = self._get_response_bodies()
                             ~~~~~~~~~~~~~~~~~~~~~~~~~^^
  File "/home/mrazim/Projects/DRF/env/lib64/python3.13/site-packages/drf_spectacular/openapi.py", line 1407, in _get_response_bodies
    return {'200': self._get_response_for_code(response_serializers, '200', direction=direction)}
                   ~~~~~~~~~~~~~~~~~~~~~~~~~~~^^^^^^^^^^^^^^^^^^^^^^^^^^^^^^^^^^^^^^^^^^^^^^^^^^
  File "/home/mrazim/Projects/DRF/env/lib64/python3.13/site-packages/drf_spectacular/openapi.py", line 1463, in _get_response_for_code
    component = self.resolve_serializer(serializer, direction)
  File "/home/mrazim/Projects/DRF/env/lib64/python3.13/site-packages/drf_spectacular/openapi.py", line 1658, in resolve_serializer
    component.schema = self._map_serializer(serializer, direction, bypass_extensions)
                       ~~~~~~~~~~~~~~~~~~~~^^^^^^^^^^^^^^^^^^^^^^^^^^^^^^^^^^^^^^^^^^
  File "/home/mrazim/Projects/DRF/env/lib64/python3.13/site-packages/drf_spectacular/openapi.py", line 959, in _map_serializer
    schema = self._map_basic_serializer(serializer, direction)
  File "/home/mrazim/Projects/DRF/env/lib64/python3.13/site-packages/drf_spectacular/openapi.py", line 1058, in _map_basic_serializer
    schema = self._map_serializer_field(field, direction)
  File "/home/mrazim/Projects/DRF/env/lib64/python3.13/site-packages/drf_spectacular/openapi.py", line 685, in _map_serializer_field
    component = self.resolve_serializer(field, direction)
  File "/home/mrazim/Projects/DRF/env/lib64/python3.13/site-packages/drf_spectacular/openapi.py", line 1658, in resolve_serializer
    component.schema = self._map_serializer(serializer, direction, bypass_extensions)
                       ~~~~~~~~~~~~~~~~~~~~^^^^^^^^^^^^^^^^^^^^^^^^^^^^^^^^^^^^^^^^^^
  File "/home/mrazim/Projects/DRF/env/lib64/python3.13/site-packages/drf_spectacular/openapi.py", line 959, in _map_serializer
    schema = self._map_basic_serializer(serializer, direction)
  File "/home/mrazim/Projects/DRF/env/lib64/python3.13/site-packages/drf_spectacular/openapi.py", line 1052, in _map_basic_serializer
    for field in serializer.fields.values():
                 ^^^^^^^^^^^^^^^^^
  File "/home/mrazim/Projects/DRF/env/lib64/python3.13/site-packages/django/utils/functional.py", line 47, in __get__
    res = instance.__dict__[self.name] = self.func(instance)
                                         ~~~~~~~~~^^^^^^^^^^
  File "/home/mrazim/Projects/DRF/env/lib64/python3.13/site-packages/rest_framework/serializers.py", line 374, in fields
    for key, value in self.get_fields().items():
                      ~~~~~~~~~~~~~~~^^
  File "/home/mrazim/Projects/DRF/env/lib64/python3.13/site-packages/rest_framework/serializers.py", line 1105, in get_fields
    field_class, field_kwargs = self.build_field(
                                ~~~~~~~~~~~~~~~~^
        source, info, model, depth
        ^^^^^^^^^^^^^^^^^^^^^^^^^^
    )
    ^
  File "/home/mrazim/Projects/DRF/env/lib64/python3.13/site-packages/rest_framework/serializers.py", line 1251, in build_field
    return self.build_unknown_field(field_name, model_class)
           ~~~~~~~~~~~~~~~~~~~~~~~~^^^^^^^^^^^^^^^^^^^^^^^^^
  File "/home/mrazim/Projects/DRF/env/lib64/python3.13/site-packages/rest_framework/serializers.py", line 1369, in build_unknown_field
    raise ImproperlyConfigured(
    ...<2 lines>...
    )
django.core.exceptions.ImproperlyConfigured: Field name `firstname` is not valid for model `User` in `user.serializers.minimalserializers.MinimalUserSerializer`.
ERROR 2026-03-15 12:40:20,969 basehttp "GET /api/schema/ HTTP/1.1" 500 214784
ERROR 2026-03-15 16:25:21,995 log Internal Server Error: /api/schema/
Traceback (most recent call last):
  File "/home/mrazim/Projects/DRF/env/lib64/python3.13/site-packages/django/core/handlers/exception.py", line 55, in inner
    response = get_response(request)
  File "/home/mrazim/Projects/DRF/env/lib64/python3.13/site-packages/django/core/handlers/base.py", line 197, in _get_response
    response = wrapped_callback(request, *callback_args, **callback_kwargs)
  File "/home/mrazim/Projects/DRF/env/lib64/python3.13/site-packages/django/views/decorators/csrf.py", line 65, in _view_wrapper
    return view_func(request, *args, **kwargs)
  File "/home/mrazim/Projects/DRF/env/lib64/python3.13/site-packages/django/views/generic/base.py", line 104, in view
    return self.dispatch(request, *args, **kwargs)
           ~~~~~~~~~~~~~^^^^^^^^^^^^^^^^^^^^^^^^^^
  File "/home/mrazim/Projects/DRF/env/lib64/python3.13/site-packages/rest_framework/views.py", line 515, in dispatch
    response = self.handle_exception(exc)
  File "/home/mrazim/Projects/DRF/env/lib64/python3.13/site-packages/rest_framework/views.py", line 475, in handle_exception
    self.raise_uncaught_exception(exc)
    ~~~~~~~~~~~~~~~~~~~~~~~~~~~~~^^^^^
  File "/home/mrazim/Projects/DRF/env/lib64/python3.13/site-packages/rest_framework/views.py", line 486, in raise_uncaught_exception
    raise exc
  File "/home/mrazim/Projects/DRF/env/lib64/python3.13/site-packages/rest_framework/views.py", line 512, in dispatch
    response = handler(request, *args, **kwargs)
  File "/home/mrazim/Projects/DRF/env/lib64/python3.13/site-packages/drf_spectacular/views.py", line 84, in get
    return self._get_schema_response(request)
           ~~~~~~~~~~~~~~~~~~~~~~~~~^^^^^^^^^
  File "/home/mrazim/Projects/DRF/env/lib64/python3.13/site-packages/drf_spectacular/views.py", line 92, in _get_schema_response
    data=generator.get_schema(request=request, public=self.serve_public),
         ~~~~~~~~~~~~~~~~~~~~^^^^^^^^^^^^^^^^^^^^^^^^^^^^^^^^^^^^^^^^^^^
  File "/home/mrazim/Projects/DRF/env/lib64/python3.13/site-packages/drf_spectacular/generators.py", line 287, in get_schema
    paths=self.parse(request, public),
          ~~~~~~~~~~^^^^^^^^^^^^^^^^^
  File "/home/mrazim/Projects/DRF/env/lib64/python3.13/site-packages/drf_spectacular/generators.py", line 258, in parse
    operation = view.schema.get_operation(
        path, path_regex, path_prefix, method, self.registry
    )
  File "/home/mrazim/Projects/DRF/env/lib64/python3.13/site-packages/drf_spectacular/openapi.py", line 113, in get_operation
    operation['responses'] = self._get_response_bodies()
                             ~~~~~~~~~~~~~~~~~~~~~~~~~^^
  File "/home/mrazim/Projects/DRF/env/lib64/python3.13/site-packages/drf_spectacular/openapi.py", line 1407, in _get_response_bodies
    return {'200': self._get_response_for_code(response_serializers, '200', direction=direction)}
                   ~~~~~~~~~~~~~~~~~~~~~~~~~~~^^^^^^^^^^^^^^^^^^^^^^^^^^^^^^^^^^^^^^^^^^^^^^^^^^
  File "/home/mrazim/Projects/DRF/env/lib64/python3.13/site-packages/drf_spectacular/openapi.py", line 1463, in _get_response_for_code
    component = self.resolve_serializer(serializer, direction)
  File "/home/mrazim/Projects/DRF/env/lib64/python3.13/site-packages/drf_spectacular/openapi.py", line 1658, in resolve_serializer
    component.schema = self._map_serializer(serializer, direction, bypass_extensions)
                       ~~~~~~~~~~~~~~~~~~~~^^^^^^^^^^^^^^^^^^^^^^^^^^^^^^^^^^^^^^^^^^
  File "/home/mrazim/Projects/DRF/env/lib64/python3.13/site-packages/drf_spectacular/openapi.py", line 959, in _map_serializer
    schema = self._map_basic_serializer(serializer, direction)
  File "/home/mrazim/Projects/DRF/env/lib64/python3.13/site-packages/drf_spectacular/openapi.py", line 1052, in _map_basic_serializer
    for field in serializer.fields.values():
                 ^^^^^^^^^^^^^^^^^
  File "/home/mrazim/Projects/DRF/env/lib64/python3.13/site-packages/django/utils/functional.py", line 47, in __get__
    res = instance.__dict__[self.name] = self.func(instance)
                                         ~~~~~~~~~^^^^^^^^^^
  File "/home/mrazim/Projects/DRF/env/lib64/python3.13/site-packages/rest_framework/serializers.py", line 374, in fields
    for key, value in self.get_fields().items():
                      ~~~~~~~~~~~~~~~^^
  File "/home/mrazim/Projects/DRF/env/lib64/python3.13/site-packages/rest_framework/serializers.py", line 1081, in get_fields
    field_names = self.get_field_names(declared_fields, info)
  File "/home/mrazim/Projects/DRF/env/lib64/python3.13/site-packages/rest_framework/serializers.py", line 1177, in get_field_names
    assert field_name in fields, (
           ^^^^^^^^^^^^^^^^^^^^
AssertionError: The field 'created_by' was declared on serializer CompanySerializer, but has not been included in the 'fields' option.
ERROR 2026-03-15 16:25:22,004 basehttp "GET /api/schema/ HTTP/1.1" 500 196219
ERROR 2026-03-15 16:25:22,212 log Internal Server Error: /api/schema/
Traceback (most recent call last):
  File "/home/mrazim/Projects/DRF/env/lib64/python3.13/site-packages/django/core/handlers/exception.py", line 55, in inner
    response = get_response(request)
  File "/home/mrazim/Projects/DRF/env/lib64/python3.13/site-packages/django/core/handlers/base.py", line 197, in _get_response
    response = wrapped_callback(request, *callback_args, **callback_kwargs)
  File "/home/mrazim/Projects/DRF/env/lib64/python3.13/site-packages/django/views/decorators/csrf.py", line 65, in _view_wrapper
    return view_func(request, *args, **kwargs)
  File "/home/mrazim/Projects/DRF/env/lib64/python3.13/site-packages/django/views/generic/base.py", line 104, in view
    return self.dispatch(request, *args, **kwargs)
           ~~~~~~~~~~~~~^^^^^^^^^^^^^^^^^^^^^^^^^^
  File "/home/mrazim/Projects/DRF/env/lib64/python3.13/site-packages/rest_framework/views.py", line 515, in dispatch
    response = self.handle_exception(exc)
  File "/home/mrazim/Projects/DRF/env/lib64/python3.13/site-packages/rest_framework/views.py", line 475, in handle_exception
    self.raise_uncaught_exception(exc)
    ~~~~~~~~~~~~~~~~~~~~~~~~~~~~~^^^^^
  File "/home/mrazim/Projects/DRF/env/lib64/python3.13/site-packages/rest_framework/views.py", line 486, in raise_uncaught_exception
    raise exc
  File "/home/mrazim/Projects/DRF/env/lib64/python3.13/site-packages/rest_framework/views.py", line 512, in dispatch
    response = handler(request, *args, **kwargs)
  File "/home/mrazim/Projects/DRF/env/lib64/python3.13/site-packages/drf_spectacular/views.py", line 84, in get
    return self._get_schema_response(request)
           ~~~~~~~~~~~~~~~~~~~~~~~~~^^^^^^^^^
  File "/home/mrazim/Projects/DRF/env/lib64/python3.13/site-packages/drf_spectacular/views.py", line 92, in _get_schema_response
    data=generator.get_schema(request=request, public=self.serve_public),
         ~~~~~~~~~~~~~~~~~~~~^^^^^^^^^^^^^^^^^^^^^^^^^^^^^^^^^^^^^^^^^^^
  File "/home/mrazim/Projects/DRF/env/lib64/python3.13/site-packages/drf_spectacular/generators.py", line 287, in get_schema
    paths=self.parse(request, public),
          ~~~~~~~~~~^^^^^^^^^^^^^^^^^
  File "/home/mrazim/Projects/DRF/env/lib64/python3.13/site-packages/drf_spectacular/generators.py", line 258, in parse
    operation = view.schema.get_operation(
        path, path_regex, path_prefix, method, self.registry
    )
  File "/home/mrazim/Projects/DRF/env/lib64/python3.13/site-packages/drf_spectacular/openapi.py", line 113, in get_operation
    operation['responses'] = self._get_response_bodies()
                             ~~~~~~~~~~~~~~~~~~~~~~~~~^^
  File "/home/mrazim/Projects/DRF/env/lib64/python3.13/site-packages/drf_spectacular/openapi.py", line 1407, in _get_response_bodies
    return {'200': self._get_response_for_code(response_serializers, '200', direction=direction)}
                   ~~~~~~~~~~~~~~~~~~~~~~~~~~~^^^^^^^^^^^^^^^^^^^^^^^^^^^^^^^^^^^^^^^^^^^^^^^^^^
  File "/home/mrazim/Projects/DRF/env/lib64/python3.13/site-packages/drf_spectacular/openapi.py", line 1463, in _get_response_for_code
    component = self.resolve_serializer(serializer, direction)
  File "/home/mrazim/Projects/DRF/env/lib64/python3.13/site-packages/drf_spectacular/openapi.py", line 1658, in resolve_serializer
    component.schema = self._map_serializer(serializer, direction, bypass_extensions)
                       ~~~~~~~~~~~~~~~~~~~~^^^^^^^^^^^^^^^^^^^^^^^^^^^^^^^^^^^^^^^^^^
  File "/home/mrazim/Projects/DRF/env/lib64/python3.13/site-packages/drf_spectacular/openapi.py", line 959, in _map_serializer
    schema = self._map_basic_serializer(serializer, direction)
  File "/home/mrazim/Projects/DRF/env/lib64/python3.13/site-packages/drf_spectacular/openapi.py", line 1052, in _map_basic_serializer
    for field in serializer.fields.values():
                 ^^^^^^^^^^^^^^^^^
  File "/home/mrazim/Projects/DRF/env/lib64/python3.13/site-packages/django/utils/functional.py", line 47, in __get__
    res = instance.__dict__[self.name] = self.func(instance)
                                         ~~~~~~~~~^^^^^^^^^^
  File "/home/mrazim/Projects/DRF/env/lib64/python3.13/site-packages/rest_framework/serializers.py", line 374, in fields
    for key, value in self.get_fields().items():
                      ~~~~~~~~~~~~~~~^^
  File "/home/mrazim/Projects/DRF/env/lib64/python3.13/site-packages/rest_framework/serializers.py", line 1081, in get_fields
    field_names = self.get_field_names(declared_fields, info)
  File "/home/mrazim/Projects/DRF/env/lib64/python3.13/site-packages/rest_framework/serializers.py", line 1177, in get_field_names
    assert field_name in fields, (
           ^^^^^^^^^^^^^^^^^^^^
AssertionError: The field 'created_by' was declared on serializer CompanySerializer, but has not been included in the 'fields' option.
ERROR 2026-03-15 16:25:22,216 basehttp "GET /api/schema/ HTTP/1.1" 500 196219
ERROR 2026-03-15 16:26:21,759 log Internal Server Error: /api/schema/
Traceback (most recent call last):
  File "/home/mrazim/Projects/DRF/env/lib64/python3.13/site-packages/django/core/handlers/exception.py", line 55, in inner
    response = get_response(request)
  File "/home/mrazim/Projects/DRF/env/lib64/python3.13/site-packages/django/core/handlers/base.py", line 197, in _get_response
    response = wrapped_callback(request, *callback_args, **callback_kwargs)
  File "/home/mrazim/Projects/DRF/env/lib64/python3.13/site-packages/django/views/decorators/csrf.py", line 65, in _view_wrapper
    return view_func(request, *args, **kwargs)
  File "/home/mrazim/Projects/DRF/env/lib64/python3.13/site-packages/django/views/generic/base.py", line 104, in view
    return self.dispatch(request, *args, **kwargs)
           ~~~~~~~~~~~~~^^^^^^^^^^^^^^^^^^^^^^^^^^
  File "/home/mrazim/Projects/DRF/env/lib64/python3.13/site-packages/rest_framework/views.py", line 515, in dispatch
    response = self.handle_exception(exc)
  File "/home/mrazim/Projects/DRF/env/lib64/python3.13/site-packages/rest_framework/views.py", line 475, in handle_exception
    self.raise_uncaught_exception(exc)
    ~~~~~~~~~~~~~~~~~~~~~~~~~~~~~^^^^^
  File "/home/mrazim/Projects/DRF/env/lib64/python3.13/site-packages/rest_framework/views.py", line 486, in raise_uncaught_exception
    raise exc
  File "/home/mrazim/Projects/DRF/env/lib64/python3.13/site-packages/rest_framework/views.py", line 512, in dispatch
    response = handler(request, *args, **kwargs)
  File "/home/mrazim/Projects/DRF/env/lib64/python3.13/site-packages/drf_spectacular/views.py", line 84, in get
    return self._get_schema_response(request)
           ~~~~~~~~~~~~~~~~~~~~~~~~~^^^^^^^^^
  File "/home/mrazim/Projects/DRF/env/lib64/python3.13/site-packages/drf_spectacular/views.py", line 92, in _get_schema_response
    data=generator.get_schema(request=request, public=self.serve_public),
         ~~~~~~~~~~~~~~~~~~~~^^^^^^^^^^^^^^^^^^^^^^^^^^^^^^^^^^^^^^^^^^^
  File "/home/mrazim/Projects/DRF/env/lib64/python3.13/site-packages/drf_spectacular/generators.py", line 287, in get_schema
    paths=self.parse(request, public),
          ~~~~~~~~~~^^^^^^^^^^^^^^^^^
  File "/home/mrazim/Projects/DRF/env/lib64/python3.13/site-packages/drf_spectacular/generators.py", line 258, in parse
    operation = view.schema.get_operation(
        path, path_regex, path_prefix, method, self.registry
    )
  File "/home/mrazim/Projects/DRF/env/lib64/python3.13/site-packages/drf_spectacular/openapi.py", line 113, in get_operation
    operation['responses'] = self._get_response_bodies()
                             ~~~~~~~~~~~~~~~~~~~~~~~~~^^
  File "/home/mrazim/Projects/DRF/env/lib64/python3.13/site-packages/drf_spectacular/openapi.py", line 1407, in _get_response_bodies
    return {'200': self._get_response_for_code(response_serializers, '200', direction=direction)}
                   ~~~~~~~~~~~~~~~~~~~~~~~~~~~^^^^^^^^^^^^^^^^^^^^^^^^^^^^^^^^^^^^^^^^^^^^^^^^^^
  File "/home/mrazim/Projects/DRF/env/lib64/python3.13/site-packages/drf_spectacular/openapi.py", line 1463, in _get_response_for_code
    component = self.resolve_serializer(serializer, direction)
  File "/home/mrazim/Projects/DRF/env/lib64/python3.13/site-packages/drf_spectacular/openapi.py", line 1658, in resolve_serializer
    component.schema = self._map_serializer(serializer, direction, bypass_extensions)
                       ~~~~~~~~~~~~~~~~~~~~^^^^^^^^^^^^^^^^^^^^^^^^^^^^^^^^^^^^^^^^^^
  File "/home/mrazim/Projects/DRF/env/lib64/python3.13/site-packages/drf_spectacular/openapi.py", line 959, in _map_serializer
    schema = self._map_basic_serializer(serializer, direction)
  File "/home/mrazim/Projects/DRF/env/lib64/python3.13/site-packages/drf_spectacular/openapi.py", line 1052, in _map_basic_serializer
    for field in serializer.fields.values():
                 ^^^^^^^^^^^^^^^^^
  File "/home/mrazim/Projects/DRF/env/lib64/python3.13/site-packages/django/utils/functional.py", line 47, in __get__
    res = instance.__dict__[self.name] = self.func(instance)
                                         ~~~~~~~~~^^^^^^^^^^
  File "/home/mrazim/Projects/DRF/env/lib64/python3.13/site-packages/rest_framework/serializers.py", line 374, in fields
    for key, value in self.get_fields().items():
                      ~~~~~~~~~~~~~~~^^
  File "/home/mrazim/Projects/DRF/env/lib64/python3.13/site-packages/rest_framework/serializers.py", line 1105, in get_fields
    field_class, field_kwargs = self.build_field(
                                ~~~~~~~~~~~~~~~~^
        source, info, model, depth
        ^^^^^^^^^^^^^^^^^^^^^^^^^^
    )
    ^
  File "/home/mrazim/Projects/DRF/env/lib64/python3.13/site-packages/rest_framework/serializers.py", line 1251, in build_field
    return self.build_unknown_field(field_name, model_class)
           ~~~~~~~~~~~~~~~~~~~~~~~~^^^^^^^^^^^^^^^^^^^^^^^^^
  File "/home/mrazim/Projects/DRF/env/lib64/python3.13/site-packages/rest_framework/serializers.py", line 1369, in build_unknown_field
    raise ImproperlyConfigured(
    ...<2 lines>...
    )
django.core.exceptions.ImproperlyConfigured: Field name `website` is not valid for model `Company` in `organization.serializers.serializers.CompanySerializer`.
ERROR 2026-03-15 16:26:21,766 basehttp "GET /api/schema/ HTTP/1.1" 500 201011
ERROR 2026-03-15 16:26:21,969 log Internal Server Error: /api/schema/
Traceback (most recent call last):
  File "/home/mrazim/Projects/DRF/env/lib64/python3.13/site-packages/django/core/handlers/exception.py", line 55, in inner
    response = get_response(request)
  File "/home/mrazim/Projects/DRF/env/lib64/python3.13/site-packages/django/core/handlers/base.py", line 197, in _get_response
    response = wrapped_callback(request, *callback_args, **callback_kwargs)
  File "/home/mrazim/Projects/DRF/env/lib64/python3.13/site-packages/django/views/decorators/csrf.py", line 65, in _view_wrapper
    return view_func(request, *args, **kwargs)
  File "/home/mrazim/Projects/DRF/env/lib64/python3.13/site-packages/django/views/generic/base.py", line 104, in view
    return self.dispatch(request, *args, **kwargs)
           ~~~~~~~~~~~~~^^^^^^^^^^^^^^^^^^^^^^^^^^
  File "/home/mrazim/Projects/DRF/env/lib64/python3.13/site-packages/rest_framework/views.py", line 515, in dispatch
    response = self.handle_exception(exc)
  File "/home/mrazim/Projects/DRF/env/lib64/python3.13/site-packages/rest_framework/views.py", line 475, in handle_exception
    self.raise_uncaught_exception(exc)
    ~~~~~~~~~~~~~~~~~~~~~~~~~~~~~^^^^^
  File "/home/mrazim/Projects/DRF/env/lib64/python3.13/site-packages/rest_framework/views.py", line 486, in raise_uncaught_exception
    raise exc
  File "/home/mrazim/Projects/DRF/env/lib64/python3.13/site-packages/rest_framework/views.py", line 512, in dispatch
    response = handler(request, *args, **kwargs)
  File "/home/mrazim/Projects/DRF/env/lib64/python3.13/site-packages/drf_spectacular/views.py", line 84, in get
    return self._get_schema_response(request)
           ~~~~~~~~~~~~~~~~~~~~~~~~~^^^^^^^^^
  File "/home/mrazim/Projects/DRF/env/lib64/python3.13/site-packages/drf_spectacular/views.py", line 92, in _get_schema_response
    data=generator.get_schema(request=request, public=self.serve_public),
         ~~~~~~~~~~~~~~~~~~~~^^^^^^^^^^^^^^^^^^^^^^^^^^^^^^^^^^^^^^^^^^^
  File "/home/mrazim/Projects/DRF/env/lib64/python3.13/site-packages/drf_spectacular/generators.py", line 287, in get_schema
    paths=self.parse(request, public),
          ~~~~~~~~~~^^^^^^^^^^^^^^^^^
  File "/home/mrazim/Projects/DRF/env/lib64/python3.13/site-packages/drf_spectacular/generators.py", line 258, in parse
    operation = view.schema.get_operation(
        path, path_regex, path_prefix, method, self.registry
    )
  File "/home/mrazim/Projects/DRF/env/lib64/python3.13/site-packages/drf_spectacular/openapi.py", line 113, in get_operation
    operation['responses'] = self._get_response_bodies()
                             ~~~~~~~~~~~~~~~~~~~~~~~~~^^
  File "/home/mrazim/Projects/DRF/env/lib64/python3.13/site-packages/drf_spectacular/openapi.py", line 1407, in _get_response_bodies
    return {'200': self._get_response_for_code(response_serializers, '200', direction=direction)}
                   ~~~~~~~~~~~~~~~~~~~~~~~~~~~^^^^^^^^^^^^^^^^^^^^^^^^^^^^^^^^^^^^^^^^^^^^^^^^^^
  File "/home/mrazim/Projects/DRF/env/lib64/python3.13/site-packages/drf_spectacular/openapi.py", line 1463, in _get_response_for_code
    component = self.resolve_serializer(serializer, direction)
  File "/home/mrazim/Projects/DRF/env/lib64/python3.13/site-packages/drf_spectacular/openapi.py", line 1658, in resolve_serializer
    component.schema = self._map_serializer(serializer, direction, bypass_extensions)
                       ~~~~~~~~~~~~~~~~~~~~^^^^^^^^^^^^^^^^^^^^^^^^^^^^^^^^^^^^^^^^^^
  File "/home/mrazim/Projects/DRF/env/lib64/python3.13/site-packages/drf_spectacular/openapi.py", line 959, in _map_serializer
    schema = self._map_basic_serializer(serializer, direction)
  File "/home/mrazim/Projects/DRF/env/lib64/python3.13/site-packages/drf_spectacular/openapi.py", line 1052, in _map_basic_serializer
    for field in serializer.fields.values():
                 ^^^^^^^^^^^^^^^^^
  File "/home/mrazim/Projects/DRF/env/lib64/python3.13/site-packages/django/utils/functional.py", line 47, in __get__
    res = instance.__dict__[self.name] = self.func(instance)
                                         ~~~~~~~~~^^^^^^^^^^
  File "/home/mrazim/Projects/DRF/env/lib64/python3.13/site-packages/rest_framework/serializers.py", line 374, in fields
    for key, value in self.get_fields().items():
                      ~~~~~~~~~~~~~~~^^
  File "/home/mrazim/Projects/DRF/env/lib64/python3.13/site-packages/rest_framework/serializers.py", line 1105, in get_fields
    field_class, field_kwargs = self.build_field(
                                ~~~~~~~~~~~~~~~~^
        source, info, model, depth
        ^^^^^^^^^^^^^^^^^^^^^^^^^^
    )
    ^
  File "/home/mrazim/Projects/DRF/env/lib64/python3.13/site-packages/rest_framework/serializers.py", line 1251, in build_field
    return self.build_unknown_field(field_name, model_class)
           ~~~~~~~~~~~~~~~~~~~~~~~~^^^^^^^^^^^^^^^^^^^^^^^^^
  File "/home/mrazim/Projects/DRF/env/lib64/python3.13/site-packages/rest_framework/serializers.py", line 1369, in build_unknown_field
    raise ImproperlyConfigured(
    ...<2 lines>...
    )
django.core.exceptions.ImproperlyConfigured: Field name `website` is not valid for model `Company` in `organization.serializers.serializers.CompanySerializer`.
ERROR 2026-03-15 16:26:21,973 basehttp "GET /api/schema/ HTTP/1.1" 500 201011
ERROR | 2026-03-15 16:29:23,645 | django.request | log:248 | Internal Server Error: /api/schema/
Traceback (most recent call last):
  File "/home/mrazim/Projects/DRF/env/lib64/python3.13/site-packages/django/core/handlers/exception.py", line 55, in inner
    response = get_response(request)
  File "/home/mrazim/Projects/DRF/env/lib64/python3.13/site-packages/django/core/handlers/base.py", line 197, in _get_response
    response = wrapped_callback(request, *callback_args, **callback_kwargs)
  File "/home/mrazim/Projects/DRF/env/lib64/python3.13/site-packages/django/views/decorators/csrf.py", line 65, in _view_wrapper
    return view_func(request, *args, **kwargs)
  File "/home/mrazim/Projects/DRF/env/lib64/python3.13/site-packages/django/views/generic/base.py", line 104, in view
    return self.dispatch(request, *args, **kwargs)
           ~~~~~~~~~~~~~^^^^^^^^^^^^^^^^^^^^^^^^^^
  File "/home/mrazim/Projects/DRF/env/lib64/python3.13/site-packages/rest_framework/views.py", line 515, in dispatch
    response = self.handle_exception(exc)
  File "/home/mrazim/Projects/DRF/env/lib64/python3.13/site-packages/rest_framework/views.py", line 475, in handle_exception
    self.raise_uncaught_exception(exc)
    ~~~~~~~~~~~~~~~~~~~~~~~~~~~~~^^^^^
  File "/home/mrazim/Projects/DRF/env/lib64/python3.13/site-packages/rest_framework/views.py", line 486, in raise_uncaught_exception
    raise exc
  File "/home/mrazim/Projects/DRF/env/lib64/python3.13/site-packages/rest_framework/views.py", line 512, in dispatch
    response = handler(request, *args, **kwargs)
  File "/home/mrazim/Projects/DRF/env/lib64/python3.13/site-packages/drf_spectacular/views.py", line 84, in get
    return self._get_schema_response(request)
           ~~~~~~~~~~~~~~~~~~~~~~~~~^^^^^^^^^
  File "/home/mrazim/Projects/DRF/env/lib64/python3.13/site-packages/drf_spectacular/views.py", line 92, in _get_schema_response
    data=generator.get_schema(request=request, public=self.serve_public),
         ~~~~~~~~~~~~~~~~~~~~^^^^^^^^^^^^^^^^^^^^^^^^^^^^^^^^^^^^^^^^^^^
  File "/home/mrazim/Projects/DRF/env/lib64/python3.13/site-packages/drf_spectacular/generators.py", line 287, in get_schema
    paths=self.parse(request, public),
          ~~~~~~~~~~^^^^^^^^^^^^^^^^^
  File "/home/mrazim/Projects/DRF/env/lib64/python3.13/site-packages/drf_spectacular/generators.py", line 258, in parse
    operation = view.schema.get_operation(
        path, path_regex, path_prefix, method, self.registry
    )
  File "/home/mrazim/Projects/DRF/env/lib64/python3.13/site-packages/drf_spectacular/openapi.py", line 113, in get_operation
    operation['responses'] = self._get_response_bodies()
                             ~~~~~~~~~~~~~~~~~~~~~~~~~^^
  File "/home/mrazim/Projects/DRF/env/lib64/python3.13/site-packages/drf_spectacular/openapi.py", line 1407, in _get_response_bodies
    return {'200': self._get_response_for_code(response_serializers, '200', direction=direction)}
                   ~~~~~~~~~~~~~~~~~~~~~~~~~~~^^^^^^^^^^^^^^^^^^^^^^^^^^^^^^^^^^^^^^^^^^^^^^^^^^
  File "/home/mrazim/Projects/DRF/env/lib64/python3.13/site-packages/drf_spectacular/openapi.py", line 1463, in _get_response_for_code
    component = self.resolve_serializer(serializer, direction)
  File "/home/mrazim/Projects/DRF/env/lib64/python3.13/site-packages/drf_spectacular/openapi.py", line 1658, in resolve_serializer
    component.schema = self._map_serializer(serializer, direction, bypass_extensions)
                       ~~~~~~~~~~~~~~~~~~~~^^^^^^^^^^^^^^^^^^^^^^^^^^^^^^^^^^^^^^^^^^
  File "/home/mrazim/Projects/DRF/env/lib64/python3.13/site-packages/drf_spectacular/openapi.py", line 959, in _map_serializer
    schema = self._map_basic_serializer(serializer, direction)
  File "/home/mrazim/Projects/DRF/env/lib64/python3.13/site-packages/drf_spectacular/openapi.py", line 1052, in _map_basic_serializer
    for field in serializer.fields.values():
                 ^^^^^^^^^^^^^^^^^
  File "/home/mrazim/Projects/DRF/env/lib64/python3.13/site-packages/django/utils/functional.py", line 47, in __get__
    res = instance.__dict__[self.name] = self.func(instance)
                                         ~~~~~~~~~^^^^^^^^^^
  File "/home/mrazim/Projects/DRF/env/lib64/python3.13/site-packages/rest_framework/serializers.py", line 374, in fields
    for key, value in self.get_fields().items():
                      ~~~~~~~~~~~~~~~^^
  File "/home/mrazim/Projects/DRF/env/lib64/python3.13/site-packages/rest_framework/serializers.py", line 1105, in get_fields
    field_class, field_kwargs = self.build_field(
                                ~~~~~~~~~~~~~~~~^
        source, info, model, depth
        ^^^^^^^^^^^^^^^^^^^^^^^^^^
    )
    ^
  File "/home/mrazim/Projects/DRF/env/lib64/python3.13/site-packages/rest_framework/serializers.py", line 1251, in build_field
    return self.build_unknown_field(field_name, model_class)
           ~~~~~~~~~~~~~~~~~~~~~~~~^^^^^^^^^^^^^^^^^^^^^^^^^
  File "/home/mrazim/Projects/DRF/env/lib64/python3.13/site-packages/rest_framework/serializers.py", line 1369, in build_unknown_field
    raise ImproperlyConfigured(
    ...<2 lines>...
    )
django.core.exceptions.ImproperlyConfigured: Field name `website` is not valid for model `Company` in `organization.serializers.serializers.CompanySerializer`.
ERROR | 2026-03-15 16:29:23,651 | django.server | basehttp:213 | "GET /api/schema/ HTTP/1.1" 500 201729
ERROR | 2026-03-15 16:29:23,861 | django.request | log:248 | Internal Server Error: /api/schema/
Traceback (most recent call last):
  File "/home/mrazim/Projects/DRF/env/lib64/python3.13/site-packages/django/core/handlers/exception.py", line 55, in inner
    response = get_response(request)
  File "/home/mrazim/Projects/DRF/env/lib64/python3.13/site-packages/django/core/handlers/base.py", line 197, in _get_response
    response = wrapped_callback(request, *callback_args, **callback_kwargs)
  File "/home/mrazim/Projects/DRF/env/lib64/python3.13/site-packages/django/views/decorators/csrf.py", line 65, in _view_wrapper
    return view_func(request, *args, **kwargs)
  File "/home/mrazim/Projects/DRF/env/lib64/python3.13/site-packages/django/views/generic/base.py", line 104, in view
    return self.dispatch(request, *args, **kwargs)
           ~~~~~~~~~~~~~^^^^^^^^^^^^^^^^^^^^^^^^^^
  File "/home/mrazim/Projects/DRF/env/lib64/python3.13/site-packages/rest_framework/views.py", line 515, in dispatch
    response = self.handle_exception(exc)
  File "/home/mrazim/Projects/DRF/env/lib64/python3.13/site-packages/rest_framework/views.py", line 475, in handle_exception
    self.raise_uncaught_exception(exc)
    ~~~~~~~~~~~~~~~~~~~~~~~~~~~~~^^^^^
  File "/home/mrazim/Projects/DRF/env/lib64/python3.13/site-packages/rest_framework/views.py", line 486, in raise_uncaught_exception
    raise exc
  File "/home/mrazim/Projects/DRF/env/lib64/python3.13/site-packages/rest_framework/views.py", line 512, in dispatch
    response = handler(request, *args, **kwargs)
  File "/home/mrazim/Projects/DRF/env/lib64/python3.13/site-packages/drf_spectacular/views.py", line 84, in get
    return self._get_schema_response(request)
           ~~~~~~~~~~~~~~~~~~~~~~~~~^^^^^^^^^
  File "/home/mrazim/Projects/DRF/env/lib64/python3.13/site-packages/drf_spectacular/views.py", line 92, in _get_schema_response
    data=generator.get_schema(request=request, public=self.serve_public),
         ~~~~~~~~~~~~~~~~~~~~^^^^^^^^^^^^^^^^^^^^^^^^^^^^^^^^^^^^^^^^^^^
  File "/home/mrazim/Projects/DRF/env/lib64/python3.13/site-packages/drf_spectacular/generators.py", line 287, in get_schema
    paths=self.parse(request, public),
          ~~~~~~~~~~^^^^^^^^^^^^^^^^^
  File "/home/mrazim/Projects/DRF/env/lib64/python3.13/site-packages/drf_spectacular/generators.py", line 258, in parse
    operation = view.schema.get_operation(
        path, path_regex, path_prefix, method, self.registry
    )
  File "/home/mrazim/Projects/DRF/env/lib64/python3.13/site-packages/drf_spectacular/openapi.py", line 113, in get_operation
    operation['responses'] = self._get_response_bodies()
                             ~~~~~~~~~~~~~~~~~~~~~~~~~^^
  File "/home/mrazim/Projects/DRF/env/lib64/python3.13/site-packages/drf_spectacular/openapi.py", line 1407, in _get_response_bodies
    return {'200': self._get_response_for_code(response_serializers, '200', direction=direction)}
                   ~~~~~~~~~~~~~~~~~~~~~~~~~~~^^^^^^^^^^^^^^^^^^^^^^^^^^^^^^^^^^^^^^^^^^^^^^^^^^
  File "/home/mrazim/Projects/DRF/env/lib64/python3.13/site-packages/drf_spectacular/openapi.py", line 1463, in _get_response_for_code
    component = self.resolve_serializer(serializer, direction)
  File "/home/mrazim/Projects/DRF/env/lib64/python3.13/site-packages/drf_spectacular/openapi.py", line 1658, in resolve_serializer
    component.schema = self._map_serializer(serializer, direction, bypass_extensions)
                       ~~~~~~~~~~~~~~~~~~~~^^^^^^^^^^^^^^^^^^^^^^^^^^^^^^^^^^^^^^^^^^
  File "/home/mrazim/Projects/DRF/env/lib64/python3.13/site-packages/drf_spectacular/openapi.py", line 959, in _map_serializer
    schema = self._map_basic_serializer(serializer, direction)
  File "/home/mrazim/Projects/DRF/env/lib64/python3.13/site-packages/drf_spectacular/openapi.py", line 1052, in _map_basic_serializer
    for field in serializer.fields.values():
                 ^^^^^^^^^^^^^^^^^
  File "/home/mrazim/Projects/DRF/env/lib64/python3.13/site-packages/django/utils/functional.py", line 47, in __get__
    res = instance.__dict__[self.name] = self.func(instance)
                                         ~~~~~~~~~^^^^^^^^^^
  File "/home/mrazim/Projects/DRF/env/lib64/python3.13/site-packages/rest_framework/serializers.py", line 374, in fields
    for key, value in self.get_fields().items():
                      ~~~~~~~~~~~~~~~^^
  File "/home/mrazim/Projects/DRF/env/lib64/python3.13/site-packages/rest_framework/serializers.py", line 1105, in get_fields
    field_class, field_kwargs = self.build_field(
                                ~~~~~~~~~~~~~~~~^
        source, info, model, depth
        ^^^^^^^^^^^^^^^^^^^^^^^^^^
    )
    ^
  File "/home/mrazim/Projects/DRF/env/lib64/python3.13/site-packages/rest_framework/serializers.py", line 1251, in build_field
    return self.build_unknown_field(field_name, model_class)
           ~~~~~~~~~~~~~~~~~~~~~~~~^^^^^^^^^^^^^^^^^^^^^^^^^
  File "/home/mrazim/Projects/DRF/env/lib64/python3.13/site-packages/rest_framework/serializers.py", line 1369, in build_unknown_field
    raise ImproperlyConfigured(
    ...<2 lines>...
    )
django.core.exceptions.ImproperlyConfigured: Field name `website` is not valid for model `Company` in `organization.serializers.serializers.CompanySerializer`.
ERROR | 2026-03-15 16:29:23,865 | django.server | basehttp:213 | "GET /api/schema/ HTTP/1.1" 500 201729
ERROR | 2026-03-15 16:30:21,757 | django.request | log:248 | Internal Server Error: /organization/company/
Traceback (most recent call last):
  File "/home/mrazim/Projects/DRF/env/lib64/python3.13/site-packages/django/core/handlers/exception.py", line 55, in inner
    response = get_response(request)
  File "/home/mrazim/Projects/DRF/env/lib64/python3.13/site-packages/django/core/handlers/base.py", line 197, in _get_response
    response = wrapped_callback(request, *callback_args, **callback_kwargs)
  File "/home/mrazim/Projects/DRF/env/lib64/python3.13/site-packages/django/views/decorators/csrf.py", line 65, in _view_wrapper
    return view_func(request, *args, **kwargs)
  File "/home/mrazim/Projects/DRF/env/lib64/python3.13/site-packages/rest_framework/viewsets.py", line 125, in view
    return self.dispatch(request, *args, **kwargs)
           ~~~~~~~~~~~~~^^^^^^^^^^^^^^^^^^^^^^^^^^
  File "/home/mrazim/Projects/DRF/env/lib64/python3.13/site-packages/rest_framework/views.py", line 515, in dispatch
    response = self.handle_exception(exc)
  File "/home/mrazim/Projects/DRF/env/lib64/python3.13/site-packages/rest_framework/views.py", line 475, in handle_exception
    self.raise_uncaught_exception(exc)
    ~~~~~~~~~~~~~~~~~~~~~~~~~~~~~^^^^^
  File "/home/mrazim/Projects/DRF/env/lib64/python3.13/site-packages/rest_framework/views.py", line 486, in raise_uncaught_exception
    raise exc
  File "/home/mrazim/Projects/DRF/env/lib64/python3.13/site-packages/rest_framework/views.py", line 503, in dispatch
    self.initial(request, *args, **kwargs)
    ~~~~~~~~~~~~^^^^^^^^^^^^^^^^^^^^^^^^^^
  File "/home/mrazim/Projects/DRF/env/lib64/python3.13/site-packages/rest_framework/views.py", line 421, in initial
    self.check_permissions(request)
    ~~~~~~~~~~~~~~~~~~~~~~^^^^^^^^^
  File "/home/mrazim/Projects/DRF/env/lib64/python3.13/site-packages/rest_framework/views.py", line 338, in check_permissions
    if not permission.has_permission(request, self):
           ~~~~~~~~~~~~~~~~~~~~~~~~~^^^^^^^^^^^^^^^
  File "/home/mrazim/Projects/DRF/env/lib64/python3.13/site-packages/rest_framework/permissions.py", line 243, in has_permission
    queryset = self._queryset(view)
  File "/home/mrazim/Projects/DRF/env/lib64/python3.13/site-packages/rest_framework/permissions.py", line 226, in _queryset
    queryset = view.get_queryset()
  File "/home/mrazim/Projects/DRF/gym-erp-management/organization/views.py", line 47, in get_queryset
    return get_objects_for_user(
           ~~~~~~~~~~~~~~~~~~~~^
        user,
        ^^^^^
        constants.CompanyPermissions.VIEW_COMPANY,
        ^^^^^^^^^^^^^^^^^^^^^^^^^^^^^^^^^^^^^^^^^^
        klass=Company
        ^^^^^^^^^^^^^
    ).filter(
    ^
  File "/home/mrazim/Projects/DRF/env/lib64/python3.13/site-packages/guardian/shortcuts.py", line 575, in get_objects_for_user
    new_ctype = new_ctype = _get_ct_cached(app_label, codename)
                            ~~~~~~~~~~~~~~^^^^^^^^^^^^^^^^^^^^^
  File "/home/mrazim/Projects/DRF/env/lib64/python3.13/site-packages/guardian/shortcuts.py", line 52, in _get_ct_cached
    return ContentType.objects.get(app_label=app_label, permission__codename=codename)
           ~~~~~~~~~~~~~~~~~~~~~~~^^^^^^^^^^^^^^^^^^^^^^^^^^^^^^^^^^^^^^^^^^^^^^^^^^^^
  File "/home/mrazim/Projects/DRF/env/lib64/python3.13/site-packages/django/db/models/manager.py", line 87, in manager_method
    return getattr(self.get_queryset(), name)(*args, **kwargs)
           ~~~~~~~~~~~~~~~~~~~~~~~~~~~~~~~~~~^^^^^^^^^^^^^^^^^
  File "/home/mrazim/Projects/DRF/env/lib64/python3.13/site-packages/django/db/models/query.py", line 633, in get
    raise self.model.DoesNotExist(
        "%s matching query does not exist." % self.model._meta.object_name
    )
django.contrib.contenttypes.models.ContentType.DoesNotExist: ContentType matching query does not exist.
ERROR | 2026-03-15 16:30:21,762 | django.server | basehttp:213 | "GET /organization/company/ HTTP/1.1" 500 24832
ERROR | 2026-03-18 23:52:59,136 | django.request | log:248 | Internal Server Error: /admin/user/user/
Traceback (most recent call last):
  File "/home/mrazim/Projects/DRF/env/lib64/python3.13/site-packages/django/db/backends/utils.py", line 105, in _execute
    return self.cursor.execute(sql, params)
           ~~~~~~~~~~~~~~~~~~~^^^^^^^^^^^^^
psycopg2.errors.UndefinedColumn: column accounts_accountgroups.created_by_id does not exist
LINE 1: ...ccounts_accountgroups" INNER JOIN "user_user" ON ("accounts_...
                                                             ^


The above exception was the direct cause of the following exception:

Traceback (most recent call last):
  File "/home/mrazim/Projects/DRF/env/lib64/python3.13/site-packages/django/core/handlers/exception.py", line 55, in inner
    response = get_response(request)
  File "/home/mrazim/Projects/DRF/env/lib64/python3.13/site-packages/django/core/handlers/base.py", line 197, in _get_response
    response = wrapped_callback(request, *callback_args, **callback_kwargs)
  File "/home/mrazim/Projects/DRF/env/lib64/python3.13/site-packages/django/contrib/admin/options.py", line 719, in wrapper
    return self.admin_site.admin_view(view)(*args, **kwargs)
           ~~~~~~~~~~~~~~~~~~~~~~~~~~~~~~~~^^^^^^^^^^^^^^^^^
  File "/home/mrazim/Projects/DRF/env/lib64/python3.13/site-packages/django/utils/decorators.py", line 192, in _view_wrapper
    result = _process_exception(request, e)
  File "/home/mrazim/Projects/DRF/env/lib64/python3.13/site-packages/django/utils/decorators.py", line 190, in _view_wrapper
    response = view_func(request, *args, **kwargs)
  File "/home/mrazim/Projects/DRF/env/lib64/python3.13/site-packages/django/views/decorators/cache.py", line 80, in _view_wrapper
    response = view_func(request, *args, **kwargs)
  File "/home/mrazim/Projects/DRF/env/lib64/python3.13/site-packages/django/contrib/admin/sites.py", line 246, in inner
    return view(request, *args, **kwargs)
  File "/home/mrazim/Projects/DRF/env/lib64/python3.13/site-packages/django/utils/decorators.py", line 48, in _wrapper
    return bound_method(*args, **kwargs)
  File "/home/mrazim/Projects/DRF/env/lib64/python3.13/site-packages/django/utils/decorators.py", line 192, in _view_wrapper
    result = _process_exception(request, e)
  File "/home/mrazim/Projects/DRF/env/lib64/python3.13/site-packages/django/utils/decorators.py", line 190, in _view_wrapper
    response = view_func(request, *args, **kwargs)
  File "/home/mrazim/Projects/DRF/env/lib64/python3.13/site-packages/django/contrib/admin/options.py", line 2057, in changelist_view
    response = self.response_action(
        request, queryset=cl.get_queryset(request)
    )
  File "/home/mrazim/Projects/DRF/env/lib64/python3.13/site-packages/django/contrib/admin/options.py", line 1686, in response_action
    response = func(self, request, queryset)
  File "/home/mrazim/Projects/DRF/env/lib64/python3.13/site-packages/django/contrib/admin/actions.py", line 39, in delete_selected
    ) = modeladmin.get_deleted_objects(queryset, request)
        ~~~~~~~~~~~~~~~~~~~~~~~~~~~~~~^^^^^^^^^^^^^^^^^^^
  File "/home/mrazim/Projects/DRF/env/lib64/python3.13/site-packages/django/contrib/admin/options.py", line 2199, in get_deleted_objects
    return get_deleted_objects(objs, request, self.admin_site)
  File "/home/mrazim/Projects/DRF/env/lib64/python3.13/site-packages/django/contrib/admin/utils.py", line 138, in get_deleted_objects
    collector.collect(objs)
    ~~~~~~~~~~~~~~~~~^^^^^^
  File "/home/mrazim/Projects/DRF/env/lib64/python3.13/site-packages/django/contrib/admin/utils.py", line 205, in collect
    return super().collect(objs, source_attr=source_attr, **kwargs)
           ~~~~~~~~~~~~~~~^^^^^^^^^^^^^^^^^^^^^^^^^^^^^^^^^^^^^^^^^
  File "/home/mrazim/Projects/DRF/env/lib64/python3.13/site-packages/django/db/models/deletion.py", line 343, in collect
    if getattr(on_delete, "lazy_sub_objs", False) or sub_objs:
                                                     ^^^^^^^^
  File "/home/mrazim/Projects/DRF/env/lib64/python3.13/site-packages/django/db/models/query.py", line 398, in __bool__
    self._fetch_all()
    ~~~~~~~~~~~~~~~^^
  File "/home/mrazim/Projects/DRF/env/lib64/python3.13/site-packages/django/db/models/query.py", line 1935, in _fetch_all
    self._result_cache = list(self._iterable_class(self))
                         ~~~~^^^^^^^^^^^^^^^^^^^^^^^^^^^^
  File "/home/mrazim/Projects/DRF/env/lib64/python3.13/site-packages/django/db/models/query.py", line 91, in __iter__
    results = compiler.execute_sql(
        chunked_fetch=self.chunked_fetch, chunk_size=self.chunk_size
    )
  File "/home/mrazim/Projects/DRF/env/lib64/python3.13/site-packages/django/db/models/sql/compiler.py", line 1622, in execute_sql
    cursor.execute(sql, params)
    ~~~~~~~~~~~~~~^^^^^^^^^^^^^
  File "/home/mrazim/Projects/DRF/env/lib64/python3.13/site-packages/django/db/backends/utils.py", line 122, in execute
    return super().execute(sql, params)
           ~~~~~~~~~~~~~~~^^^^^^^^^^^^^
  File "/home/mrazim/Projects/DRF/env/lib64/python3.13/site-packages/django/db/backends/utils.py", line 79, in execute
    return self._execute_with_wrappers(
           ~~~~~~~~~~~~~~~~~~~~~~~~~~~^
        sql, params, many=False, executor=self._execute
        ^^^^^^^^^^^^^^^^^^^^^^^^^^^^^^^^^^^^^^^^^^^^^^^
    )
    ^
  File "/home/mrazim/Projects/DRF/env/lib64/python3.13/site-packages/django/db/backends/utils.py", line 92, in _execute_with_wrappers
    return executor(sql, params, many, context)
  File "/home/mrazim/Projects/DRF/env/lib64/python3.13/site-packages/django/db/backends/utils.py", line 100, in _execute
    with self.db.wrap_database_errors:
         ^^^^^^^^^^^^^^^^^^^^^^^^^^^^
  File "/home/mrazim/Projects/DRF/env/lib64/python3.13/site-packages/django/db/utils.py", line 91, in __exit__
    raise dj_exc_value.with_traceback(traceback) from exc_value
  File "/home/mrazim/Projects/DRF/env/lib64/python3.13/site-packages/django/db/backends/utils.py", line 105, in _execute
    return self.cursor.execute(sql, params)
           ~~~~~~~~~~~~~~~~~~~^^^^^^^^^^^^^
django.db.utils.ProgrammingError: column accounts_accountgroups.created_by_id does not exist
LINE 1: ...ccounts_accountgroups" INNER JOIN "user_user" ON ("accounts_...
                                                             ^

ERROR | 2026-03-18 23:52:59,145 | django.server | basehttp:213 | "POST /admin/user/user/ HTTP/1.1" 500 227089
ERROR | 2026-03-18 23:53:09,225 | django.request | log:248 | Internal Server Error: /admin/user/user/
Traceback (most recent call last):
  File "/home/mrazim/Projects/DRF/env/lib64/python3.13/site-packages/django/db/backends/utils.py", line 105, in _execute
    return self.cursor.execute(sql, params)
           ~~~~~~~~~~~~~~~~~~~^^^^^^^^^^^^^
psycopg2.errors.UndefinedColumn: column accounts_accountgroups.created_by_id does not exist
LINE 1: ...ccounts_accountgroups" INNER JOIN "user_user" ON ("accounts_...
                                                             ^


The above exception was the direct cause of the following exception:

Traceback (most recent call last):
  File "/home/mrazim/Projects/DRF/env/lib64/python3.13/site-packages/django/core/handlers/exception.py", line 55, in inner
    response = get_response(request)
  File "/home/mrazim/Projects/DRF/env/lib64/python3.13/site-packages/django/core/handlers/base.py", line 197, in _get_response
    response = wrapped_callback(request, *callback_args, **callback_kwargs)
  File "/home/mrazim/Projects/DRF/env/lib64/python3.13/site-packages/django/contrib/admin/options.py", line 719, in wrapper
    return self.admin_site.admin_view(view)(*args, **kwargs)
           ~~~~~~~~~~~~~~~~~~~~~~~~~~~~~~~~^^^^^^^^^^^^^^^^^
  File "/home/mrazim/Projects/DRF/env/lib64/python3.13/site-packages/django/utils/decorators.py", line 192, in _view_wrapper
    result = _process_exception(request, e)
  File "/home/mrazim/Projects/DRF/env/lib64/python3.13/site-packages/django/utils/decorators.py", line 190, in _view_wrapper
    response = view_func(request, *args, **kwargs)
  File "/home/mrazim/Projects/DRF/env/lib64/python3.13/site-packages/django/views/decorators/cache.py", line 80, in _view_wrapper
    response = view_func(request, *args, **kwargs)
  File "/home/mrazim/Projects/DRF/env/lib64/python3.13/site-packages/django/contrib/admin/sites.py", line 246, in inner
    return view(request, *args, **kwargs)
  File "/home/mrazim/Projects/DRF/env/lib64/python3.13/site-packages/django/utils/decorators.py", line 48, in _wrapper
    return bound_method(*args, **kwargs)
  File "/home/mrazim/Projects/DRF/env/lib64/python3.13/site-packages/django/utils/decorators.py", line 192, in _view_wrapper
    result = _process_exception(request, e)
  File "/home/mrazim/Projects/DRF/env/lib64/python3.13/site-packages/django/utils/decorators.py", line 190, in _view_wrapper
    response = view_func(request, *args, **kwargs)
  File "/home/mrazim/Projects/DRF/env/lib64/python3.13/site-packages/django/contrib/admin/options.py", line 2057, in changelist_view
    response = self.response_action(
        request, queryset=cl.get_queryset(request)
    )
  File "/home/mrazim/Projects/DRF/env/lib64/python3.13/site-packages/django/contrib/admin/options.py", line 1686, in response_action
    response = func(self, request, queryset)
  File "/home/mrazim/Projects/DRF/env/lib64/python3.13/site-packages/django/contrib/admin/actions.py", line 39, in delete_selected
    ) = modeladmin.get_deleted_objects(queryset, request)
        ~~~~~~~~~~~~~~~~~~~~~~~~~~~~~~^^^^^^^^^^^^^^^^^^^
  File "/home/mrazim/Projects/DRF/env/lib64/python3.13/site-packages/django/contrib/admin/options.py", line 2199, in get_deleted_objects
    return get_deleted_objects(objs, request, self.admin_site)
  File "/home/mrazim/Projects/DRF/env/lib64/python3.13/site-packages/django/contrib/admin/utils.py", line 138, in get_deleted_objects
    collector.collect(objs)
    ~~~~~~~~~~~~~~~~~^^^^^^
  File "/home/mrazim/Projects/DRF/env/lib64/python3.13/site-packages/django/contrib/admin/utils.py", line 205, in collect
    return super().collect(objs, source_attr=source_attr, **kwargs)
           ~~~~~~~~~~~~~~~^^^^^^^^^^^^^^^^^^^^^^^^^^^^^^^^^^^^^^^^^
  File "/home/mrazim/Projects/DRF/env/lib64/python3.13/site-packages/django/db/models/deletion.py", line 343, in collect
    if getattr(on_delete, "lazy_sub_objs", False) or sub_objs:
                                                     ^^^^^^^^
  File "/home/mrazim/Projects/DRF/env/lib64/python3.13/site-packages/django/db/models/query.py", line 398, in __bool__
    self._fetch_all()
    ~~~~~~~~~~~~~~~^^
  File "/home/mrazim/Projects/DRF/env/lib64/python3.13/site-packages/django/db/models/query.py", line 1935, in _fetch_all
    self._result_cache = list(self._iterable_class(self))
                         ~~~~^^^^^^^^^^^^^^^^^^^^^^^^^^^^
  File "/home/mrazim/Projects/DRF/env/lib64/python3.13/site-packages/django/db/models/query.py", line 91, in __iter__
    results = compiler.execute_sql(
        chunked_fetch=self.chunked_fetch, chunk_size=self.chunk_size
    )
  File "/home/mrazim/Projects/DRF/env/lib64/python3.13/site-packages/django/db/models/sql/compiler.py", line 1622, in execute_sql
    cursor.execute(sql, params)
    ~~~~~~~~~~~~~~^^^^^^^^^^^^^
  File "/home/mrazim/Projects/DRF/env/lib64/python3.13/site-packages/django/db/backends/utils.py", line 122, in execute
    return super().execute(sql, params)
           ~~~~~~~~~~~~~~~^^^^^^^^^^^^^
  File "/home/mrazim/Projects/DRF/env/lib64/python3.13/site-packages/django/db/backends/utils.py", line 79, in execute
    return self._execute_with_wrappers(
           ~~~~~~~~~~~~~~~~~~~~~~~~~~~^
        sql, params, many=False, executor=self._execute
        ^^^^^^^^^^^^^^^^^^^^^^^^^^^^^^^^^^^^^^^^^^^^^^^
    )
    ^
  File "/home/mrazim/Projects/DRF/env/lib64/python3.13/site-packages/django/db/backends/utils.py", line 92, in _execute_with_wrappers
    return executor(sql, params, many, context)
  File "/home/mrazim/Projects/DRF/env/lib64/python3.13/site-packages/django/db/backends/utils.py", line 100, in _execute
    with self.db.wrap_database_errors:
         ^^^^^^^^^^^^^^^^^^^^^^^^^^^^
  File "/home/mrazim/Projects/DRF/env/lib64/python3.13/site-packages/django/db/utils.py", line 91, in __exit__
    raise dj_exc_value.with_traceback(traceback) from exc_value
  File "/home/mrazim/Projects/DRF/env/lib64/python3.13/site-packages/django/db/backends/utils.py", line 105, in _execute
    return self.cursor.execute(sql, params)
           ~~~~~~~~~~~~~~~~~~~^^^^^^^^^^^^^
django.db.utils.ProgrammingError: column accounts_accountgroups.created_by_id does not exist
LINE 1: ...ccounts_accountgroups" INNER JOIN "user_user" ON ("accounts_...
                                                             ^

ERROR | 2026-03-18 23:53:09,228 | django.server | basehttp:213 | "POST /admin/user/user/ HTTP/1.1" 500 227089
ERROR | 2026-03-31 16:15:19,946 | django.request | log:248 | Internal Server Error: /organization/company/
Traceback (most recent call last):
  File "/home/mrazim/Projects/DRF/env/lib64/python3.13/site-packages/django/db/backends/utils.py", line 105, in _execute
    return self.cursor.execute(sql, params)
           ~~~~~~~~~~~~~~~~~~~^^^^^^^^^^^^^
psycopg2.errors.UndefinedTable: relation "auth_permission" does not exist
LINE 1: ...pe"."model" FROM "django_content_type" INNER JOIN "auth_perm...
                                                             ^


The above exception was the direct cause of the following exception:

Traceback (most recent call last):
  File "/home/mrazim/Projects/DRF/env/lib64/python3.13/site-packages/django/core/handlers/exception.py", line 55, in inner
    response = get_response(request)
  File "/home/mrazim/Projects/DRF/env/lib64/python3.13/site-packages/django/core/handlers/base.py", line 197, in _get_response
    response = wrapped_callback(request, *callback_args, **callback_kwargs)
  File "/home/mrazim/Projects/DRF/env/lib64/python3.13/site-packages/django/views/decorators/csrf.py", line 65, in _view_wrapper
    return view_func(request, *args, **kwargs)
  File "/home/mrazim/Projects/DRF/env/lib64/python3.13/site-packages/rest_framework/viewsets.py", line 125, in view
    return self.dispatch(request, *args, **kwargs)
           ~~~~~~~~~~~~~^^^^^^^^^^^^^^^^^^^^^^^^^^
  File "/home/mrazim/Projects/DRF/env/lib64/python3.13/site-packages/rest_framework/views.py", line 515, in dispatch
    response = self.handle_exception(exc)
  File "/home/mrazim/Projects/DRF/env/lib64/python3.13/site-packages/rest_framework/views.py", line 475, in handle_exception
    self.raise_uncaught_exception(exc)
    ~~~~~~~~~~~~~~~~~~~~~~~~~~~~~^^^^^
  File "/home/mrazim/Projects/DRF/env/lib64/python3.13/site-packages/rest_framework/views.py", line 486, in raise_uncaught_exception
    raise exc
  File "/home/mrazim/Projects/DRF/env/lib64/python3.13/site-packages/rest_framework/views.py", line 503, in dispatch
    self.initial(request, *args, **kwargs)
    ~~~~~~~~~~~~^^^^^^^^^^^^^^^^^^^^^^^^^^
  File "/home/mrazim/Projects/DRF/env/lib64/python3.13/site-packages/rest_framework/views.py", line 421, in initial
    self.check_permissions(request)
    ~~~~~~~~~~~~~~~~~~~~~~^^^^^^^^^
  File "/home/mrazim/Projects/DRF/env/lib64/python3.13/site-packages/rest_framework/views.py", line 338, in check_permissions
    if not permission.has_permission(request, self):
           ~~~~~~~~~~~~~~~~~~~~~~~~~^^^^^^^^^^^^^^^
  File "/home/mrazim/Projects/DRF/env/lib64/python3.13/site-packages/rest_framework/permissions.py", line 243, in has_permission
    queryset = self._queryset(view)
  File "/home/mrazim/Projects/DRF/env/lib64/python3.13/site-packages/rest_framework/permissions.py", line 226, in _queryset
    queryset = view.get_queryset()
  File "/home/mrazim/Projects/DRF/gym-erp-management/organization/views.py", line 47, in get_queryset
    return get_objects_for_user(
           ~~~~~~~~~~~~~~~~~~~~^
        user,
        ^^^^^
        constants.CompanyPermissions.VIEW_COMPANY,
        ^^^^^^^^^^^^^^^^^^^^^^^^^^^^^^^^^^^^^^^^^^
        klass=Company
        ^^^^^^^^^^^^^
    ).filter(
    ^
  File "/home/mrazim/Projects/DRF/env/lib64/python3.13/site-packages/guardian/shortcuts.py", line 575, in get_objects_for_user
    new_ctype = new_ctype = _get_ct_cached(app_label, codename)
                            ~~~~~~~~~~~~~~^^^^^^^^^^^^^^^^^^^^^
  File "/home/mrazim/Projects/DRF/env/lib64/python3.13/site-packages/guardian/shortcuts.py", line 52, in _get_ct_cached
    return ContentType.objects.get(app_label=app_label, permission__codename=codename)
           ~~~~~~~~~~~~~~~~~~~~~~~^^^^^^^^^^^^^^^^^^^^^^^^^^^^^^^^^^^^^^^^^^^^^^^^^^^^
  File "/home/mrazim/Projects/DRF/env/lib64/python3.13/site-packages/django/db/models/manager.py", line 87, in manager_method
    return getattr(self.get_queryset(), name)(*args, **kwargs)
           ~~~~~~~~~~~~~~~~~~~~~~~~~~~~~~~~~~^^^^^^^^^^^^^^^^^
  File "/home/mrazim/Projects/DRF/env/lib64/python3.13/site-packages/django/db/models/query.py", line 629, in get
    num = len(clone)
  File "/home/mrazim/Projects/DRF/env/lib64/python3.13/site-packages/django/db/models/query.py", line 366, in __len__
    self._fetch_all()
    ~~~~~~~~~~~~~~~^^
  File "/home/mrazim/Projects/DRF/env/lib64/python3.13/site-packages/django/db/models/query.py", line 1935, in _fetch_all
    self._result_cache = list(self._iterable_class(self))
                         ~~~~^^^^^^^^^^^^^^^^^^^^^^^^^^^^
  File "/home/mrazim/Projects/DRF/env/lib64/python3.13/site-packages/django/db/models/query.py", line 91, in __iter__
    results = compiler.execute_sql(
        chunked_fetch=self.chunked_fetch, chunk_size=self.chunk_size
    )
  File "/home/mrazim/Projects/DRF/env/lib64/python3.13/site-packages/django/db/models/sql/compiler.py", line 1622, in execute_sql
    cursor.execute(sql, params)
    ~~~~~~~~~~~~~~^^^^^^^^^^^^^
  File "/home/mrazim/Projects/DRF/env/lib64/python3.13/site-packages/django/db/backends/utils.py", line 122, in execute
    return super().execute(sql, params)
           ~~~~~~~~~~~~~~~^^^^^^^^^^^^^
  File "/home/mrazim/Projects/DRF/env/lib64/python3.13/site-packages/django/db/backends/utils.py", line 79, in execute
    return self._execute_with_wrappers(
           ~~~~~~~~~~~~~~~~~~~~~~~~~~~^
        sql, params, many=False, executor=self._execute
        ^^^^^^^^^^^^^^^^^^^^^^^^^^^^^^^^^^^^^^^^^^^^^^^
    )
    ^
  File "/home/mrazim/Projects/DRF/env/lib64/python3.13/site-packages/django/db/backends/utils.py", line 92, in _execute_with_wrappers
    return executor(sql, params, many, context)
  File "/home/mrazim/Projects/DRF/env/lib64/python3.13/site-packages/django/db/backends/utils.py", line 100, in _execute
    with self.db.wrap_database_errors:
         ^^^^^^^^^^^^^^^^^^^^^^^^^^^^
  File "/home/mrazim/Projects/DRF/env/lib64/python3.13/site-packages/django/db/utils.py", line 91, in __exit__
    raise dj_exc_value.with_traceback(traceback) from exc_value
  File "/home/mrazim/Projects/DRF/env/lib64/python3.13/site-packages/django/db/backends/utils.py", line 105, in _execute
    return self.cursor.execute(sql, params)
           ~~~~~~~~~~~~~~~~~~~^^^^^^^^^^^^^
django.db.utils.ProgrammingError: relation "auth_permission" does not exist
LINE 1: ...pe"."model" FROM "django_content_type" INNER JOIN "auth_perm...
                                                             ^

ERROR | 2026-03-31 16:15:19,949 | django.server | basehttp:213 | "POST /organization/company/ HTTP/1.1" 500 28721
ERROR | 2026-03-31 16:28:16,340 | django.request | log:248 | Internal Server Error: /organization/company/
Traceback (most recent call last):
  File "/home/mrazim/Projects/DRF/env/lib64/python3.13/site-packages/django/db/backends/utils.py", line 105, in _execute
    return self.cursor.execute(sql, params)
           ~~~~~~~~~~~~~~~~~~~^^^^^^^^^^^^^
psycopg2.errors.UndefinedTable: relation "auth_permission" does not exist
LINE 1: ...pe"."model" FROM "django_content_type" INNER JOIN "auth_perm...
                                                             ^


The above exception was the direct cause of the following exception:

Traceback (most recent call last):
  File "/home/mrazim/Projects/DRF/env/lib64/python3.13/site-packages/django/core/handlers/exception.py", line 55, in inner
    response = get_response(request)
  File "/home/mrazim/Projects/DRF/env/lib64/python3.13/site-packages/django/core/handlers/base.py", line 197, in _get_response
    response = wrapped_callback(request, *callback_args, **callback_kwargs)
  File "/home/mrazim/Projects/DRF/env/lib64/python3.13/site-packages/django/views/decorators/csrf.py", line 65, in _view_wrapper
    return view_func(request, *args, **kwargs)
  File "/home/mrazim/Projects/DRF/env/lib64/python3.13/site-packages/rest_framework/viewsets.py", line 125, in view
    return self.dispatch(request, *args, **kwargs)
           ~~~~~~~~~~~~~^^^^^^^^^^^^^^^^^^^^^^^^^^
  File "/home/mrazim/Projects/DRF/env/lib64/python3.13/site-packages/rest_framework/views.py", line 515, in dispatch
    response = self.handle_exception(exc)
  File "/home/mrazim/Projects/DRF/env/lib64/python3.13/site-packages/rest_framework/views.py", line 475, in handle_exception
    self.raise_uncaught_exception(exc)
    ~~~~~~~~~~~~~~~~~~~~~~~~~~~~~^^^^^
  File "/home/mrazim/Projects/DRF/env/lib64/python3.13/site-packages/rest_framework/views.py", line 486, in raise_uncaught_exception
    raise exc
  File "/home/mrazim/Projects/DRF/env/lib64/python3.13/site-packages/rest_framework/views.py", line 503, in dispatch
    self.initial(request, *args, **kwargs)
    ~~~~~~~~~~~~^^^^^^^^^^^^^^^^^^^^^^^^^^
  File "/home/mrazim/Projects/DRF/env/lib64/python3.13/site-packages/rest_framework/views.py", line 421, in initial
    self.check_permissions(request)
    ~~~~~~~~~~~~~~~~~~~~~~^^^^^^^^^
  File "/home/mrazim/Projects/DRF/env/lib64/python3.13/site-packages/rest_framework/views.py", line 338, in check_permissions
    if not permission.has_permission(request, self):
           ~~~~~~~~~~~~~~~~~~~~~~~~~^^^^^^^^^^^^^^^
  File "/home/mrazim/Projects/DRF/env/lib64/python3.13/site-packages/rest_framework/permissions.py", line 243, in has_permission
    queryset = self._queryset(view)
  File "/home/mrazim/Projects/DRF/env/lib64/python3.13/site-packages/rest_framework/permissions.py", line 226, in _queryset
    queryset = view.get_queryset()
  File "/home/mrazim/Projects/DRF/gym-erp-management/organization/views.py", line 47, in get_queryset
    return get_objects_for_user(
           ~~~~~~~~~~~~~~~~~~~~^
        user,
        ^^^^^
        constants.CompanyPermissions.VIEW_COMPANY,
        ^^^^^^^^^^^^^^^^^^^^^^^^^^^^^^^^^^^^^^^^^^
        klass=Company
        ^^^^^^^^^^^^^
    ).filter(
    ^
  File "/home/mrazim/Projects/DRF/env/lib64/python3.13/site-packages/guardian/shortcuts.py", line 575, in get_objects_for_user
    new_ctype = new_ctype = _get_ct_cached(app_label, codename)
                            ~~~~~~~~~~~~~~^^^^^^^^^^^^^^^^^^^^^
  File "/home/mrazim/Projects/DRF/env/lib64/python3.13/site-packages/guardian/shortcuts.py", line 52, in _get_ct_cached
    return ContentType.objects.get(app_label=app_label, permission__codename=codename)
           ~~~~~~~~~~~~~~~~~~~~~~~^^^^^^^^^^^^^^^^^^^^^^^^^^^^^^^^^^^^^^^^^^^^^^^^^^^^
  File "/home/mrazim/Projects/DRF/env/lib64/python3.13/site-packages/django/db/models/manager.py", line 87, in manager_method
    return getattr(self.get_queryset(), name)(*args, **kwargs)
           ~~~~~~~~~~~~~~~~~~~~~~~~~~~~~~~~~~^^^^^^^^^^^^^^^^^
  File "/home/mrazim/Projects/DRF/env/lib64/python3.13/site-packages/django/db/models/query.py", line 629, in get
    num = len(clone)
  File "/home/mrazim/Projects/DRF/env/lib64/python3.13/site-packages/django/db/models/query.py", line 366, in __len__
    self._fetch_all()
    ~~~~~~~~~~~~~~~^^
  File "/home/mrazim/Projects/DRF/env/lib64/python3.13/site-packages/django/db/models/query.py", line 1935, in _fetch_all
    self._result_cache = list(self._iterable_class(self))
                         ~~~~^^^^^^^^^^^^^^^^^^^^^^^^^^^^
  File "/home/mrazim/Projects/DRF/env/lib64/python3.13/site-packages/django/db/models/query.py", line 91, in __iter__
    results = compiler.execute_sql(
        chunked_fetch=self.chunked_fetch, chunk_size=self.chunk_size
    )
  File "/home/mrazim/Projects/DRF/env/lib64/python3.13/site-packages/django/db/models/sql/compiler.py", line 1622, in execute_sql
    cursor.execute(sql, params)
    ~~~~~~~~~~~~~~^^^^^^^^^^^^^
  File "/home/mrazim/Projects/DRF/env/lib64/python3.13/site-packages/django/db/backends/utils.py", line 122, in execute
    return super().execute(sql, params)
           ~~~~~~~~~~~~~~~^^^^^^^^^^^^^
  File "/home/mrazim/Projects/DRF/env/lib64/python3.13/site-packages/django/db/backends/utils.py", line 79, in execute
    return self._execute_with_wrappers(
           ~~~~~~~~~~~~~~~~~~~~~~~~~~~^
        sql, params, many=False, executor=self._execute
        ^^^^^^^^^^^^^^^^^^^^^^^^^^^^^^^^^^^^^^^^^^^^^^^
    )
    ^
  File "/home/mrazim/Projects/DRF/env/lib64/python3.13/site-packages/django/db/backends/utils.py", line 92, in _execute_with_wrappers
    return executor(sql, params, many, context)
  File "/home/mrazim/Projects/DRF/env/lib64/python3.13/site-packages/django/db/backends/utils.py", line 100, in _execute
    with self.db.wrap_database_errors:
         ^^^^^^^^^^^^^^^^^^^^^^^^^^^^
  File "/home/mrazim/Projects/DRF/env/lib64/python3.13/site-packages/django/db/utils.py", line 91, in __exit__
    raise dj_exc_value.with_traceback(traceback) from exc_value
  File "/home/mrazim/Projects/DRF/env/lib64/python3.13/site-packages/django/db/backends/utils.py", line 105, in _execute
    return self.cursor.execute(sql, params)
           ~~~~~~~~~~~~~~~~~~~^^^^^^^^^^^^^
django.db.utils.ProgrammingError: relation "auth_permission" does not exist
LINE 1: ...pe"."model" FROM "django_content_type" INNER JOIN "auth_perm...
                                                             ^

ERROR | 2026-03-31 16:28:16,343 | django.server | basehttp:213 | "POST /organization/company/ HTTP/1.1" 500 28721
ERROR | 2026-03-31 16:28:52,003 | django.request | log:248 | Internal Server Error: /organization/company/
Traceback (most recent call last):
  File "/home/mrazim/Projects/DRF/env/lib64/python3.13/site-packages/django/db/backends/utils.py", line 105, in _execute
    return self.cursor.execute(sql, params)
           ~~~~~~~~~~~~~~~~~~~^^^^^^^^^^^^^
psycopg2.errors.UndefinedTable: relation "auth_permission" does not exist
LINE 1: ...pe"."model" FROM "django_content_type" INNER JOIN "auth_perm...
                                                             ^


The above exception was the direct cause of the following exception:

Traceback (most recent call last):
  File "/home/mrazim/Projects/DRF/env/lib64/python3.13/site-packages/django/core/handlers/exception.py", line 55, in inner
    response = get_response(request)
  File "/home/mrazim/Projects/DRF/env/lib64/python3.13/site-packages/django/core/handlers/base.py", line 197, in _get_response
    response = wrapped_callback(request, *callback_args, **callback_kwargs)
  File "/home/mrazim/Projects/DRF/env/lib64/python3.13/site-packages/django/views/decorators/csrf.py", line 65, in _view_wrapper
    return view_func(request, *args, **kwargs)
  File "/home/mrazim/Projects/DRF/env/lib64/python3.13/site-packages/rest_framework/viewsets.py", line 125, in view
    return self.dispatch(request, *args, **kwargs)
           ~~~~~~~~~~~~~^^^^^^^^^^^^^^^^^^^^^^^^^^
  File "/home/mrazim/Projects/DRF/env/lib64/python3.13/site-packages/rest_framework/views.py", line 515, in dispatch
    response = self.handle_exception(exc)
  File "/home/mrazim/Projects/DRF/env/lib64/python3.13/site-packages/rest_framework/views.py", line 475, in handle_exception
    self.raise_uncaught_exception(exc)
    ~~~~~~~~~~~~~~~~~~~~~~~~~~~~~^^^^^
  File "/home/mrazim/Projects/DRF/env/lib64/python3.13/site-packages/rest_framework/views.py", line 486, in raise_uncaught_exception
    raise exc
  File "/home/mrazim/Projects/DRF/env/lib64/python3.13/site-packages/rest_framework/views.py", line 503, in dispatch
    self.initial(request, *args, **kwargs)
    ~~~~~~~~~~~~^^^^^^^^^^^^^^^^^^^^^^^^^^
  File "/home/mrazim/Projects/DRF/env/lib64/python3.13/site-packages/rest_framework/views.py", line 421, in initial
    self.check_permissions(request)
    ~~~~~~~~~~~~~~~~~~~~~~^^^^^^^^^
  File "/home/mrazim/Projects/DRF/env/lib64/python3.13/site-packages/rest_framework/views.py", line 338, in check_permissions
    if not permission.has_permission(request, self):
           ~~~~~~~~~~~~~~~~~~~~~~~~~^^^^^^^^^^^^^^^
  File "/home/mrazim/Projects/DRF/env/lib64/python3.13/site-packages/rest_framework/permissions.py", line 243, in has_permission
    queryset = self._queryset(view)
  File "/home/mrazim/Projects/DRF/env/lib64/python3.13/site-packages/rest_framework/permissions.py", line 226, in _queryset
    queryset = view.get_queryset()
  File "/home/mrazim/Projects/DRF/gym-erp-management/organization/views.py", line 47, in get_queryset
    return get_objects_for_user(
           ~~~~~~~~~~~~~~~~~~~~^
        user,
        ^^^^^
        constants.CompanyPermissions.VIEW_COMPANY,
        ^^^^^^^^^^^^^^^^^^^^^^^^^^^^^^^^^^^^^^^^^^
        klass=Company
        ^^^^^^^^^^^^^
    ).filter(
    ^
  File "/home/mrazim/Projects/DRF/env/lib64/python3.13/site-packages/guardian/shortcuts.py", line 575, in get_objects_for_user
    new_ctype = new_ctype = _get_ct_cached(app_label, codename)
                            ~~~~~~~~~~~~~~^^^^^^^^^^^^^^^^^^^^^
  File "/home/mrazim/Projects/DRF/env/lib64/python3.13/site-packages/guardian/shortcuts.py", line 52, in _get_ct_cached
    return ContentType.objects.get(app_label=app_label, permission__codename=codename)
           ~~~~~~~~~~~~~~~~~~~~~~~^^^^^^^^^^^^^^^^^^^^^^^^^^^^^^^^^^^^^^^^^^^^^^^^^^^^
  File "/home/mrazim/Projects/DRF/env/lib64/python3.13/site-packages/django/db/models/manager.py", line 87, in manager_method
    return getattr(self.get_queryset(), name)(*args, **kwargs)
           ~~~~~~~~~~~~~~~~~~~~~~~~~~~~~~~~~~^^^^^^^^^^^^^^^^^
  File "/home/mrazim/Projects/DRF/env/lib64/python3.13/site-packages/django/db/models/query.py", line 629, in get
    num = len(clone)
  File "/home/mrazim/Projects/DRF/env/lib64/python3.13/site-packages/django/db/models/query.py", line 366, in __len__
    self._fetch_all()
    ~~~~~~~~~~~~~~~^^
  File "/home/mrazim/Projects/DRF/env/lib64/python3.13/site-packages/django/db/models/query.py", line 1935, in _fetch_all
    self._result_cache = list(self._iterable_class(self))
                         ~~~~^^^^^^^^^^^^^^^^^^^^^^^^^^^^
  File "/home/mrazim/Projects/DRF/env/lib64/python3.13/site-packages/django/db/models/query.py", line 91, in __iter__
    results = compiler.execute_sql(
        chunked_fetch=self.chunked_fetch, chunk_size=self.chunk_size
    )
  File "/home/mrazim/Projects/DRF/env/lib64/python3.13/site-packages/django/db/models/sql/compiler.py", line 1622, in execute_sql
    cursor.execute(sql, params)
    ~~~~~~~~~~~~~~^^^^^^^^^^^^^
  File "/home/mrazim/Projects/DRF/env/lib64/python3.13/site-packages/django/db/backends/utils.py", line 122, in execute
    return super().execute(sql, params)
           ~~~~~~~~~~~~~~~^^^^^^^^^^^^^
  File "/home/mrazim/Projects/DRF/env/lib64/python3.13/site-packages/django/db/backends/utils.py", line 79, in execute
    return self._execute_with_wrappers(
           ~~~~~~~~~~~~~~~~~~~~~~~~~~~^
        sql, params, many=False, executor=self._execute
        ^^^^^^^^^^^^^^^^^^^^^^^^^^^^^^^^^^^^^^^^^^^^^^^
    )
    ^
  File "/home/mrazim/Projects/DRF/env/lib64/python3.13/site-packages/django/db/backends/utils.py", line 92, in _execute_with_wrappers
    return executor(sql, params, many, context)
  File "/home/mrazim/Projects/DRF/env/lib64/python3.13/site-packages/django/db/backends/utils.py", line 100, in _execute
    with self.db.wrap_database_errors:
         ^^^^^^^^^^^^^^^^^^^^^^^^^^^^
  File "/home/mrazim/Projects/DRF/env/lib64/python3.13/site-packages/django/db/utils.py", line 91, in __exit__
    raise dj_exc_value.with_traceback(traceback) from exc_value
  File "/home/mrazim/Projects/DRF/env/lib64/python3.13/site-packages/django/db/backends/utils.py", line 105, in _execute
    return self.cursor.execute(sql, params)
           ~~~~~~~~~~~~~~~~~~~^^^^^^^^^^^^^
django.db.utils.ProgrammingError: relation "auth_permission" does not exist
LINE 1: ...pe"."model" FROM "django_content_type" INNER JOIN "auth_perm...
                                                             ^

ERROR | 2026-03-31 16:28:52,005 | django.server | basehttp:213 | "POST /organization/company/ HTTP/1.1" 500 28721
ERROR | 2026-03-31 17:13:03,395 | django.request | log:248 | Internal Server Error: /organization/company/
Traceback (most recent call last):
  File "/home/mrazim/Projects/DRF/env/lib64/python3.13/site-packages/django/db/backends/utils.py", line 105, in _execute
    return self.cursor.execute(sql, params)
           ~~~~~~~~~~~~~~~~~~~^^^^^^^^^^^^^
psycopg2.errors.UndefinedTable: relation "auth_permission" does not exist
LINE 1: ...pe"."model" FROM "django_content_type" INNER JOIN "auth_perm...
                                                             ^


The above exception was the direct cause of the following exception:

Traceback (most recent call last):
  File "/home/mrazim/Projects/DRF/env/lib64/python3.13/site-packages/django/core/handlers/exception.py", line 55, in inner
    response = get_response(request)
  File "/home/mrazim/Projects/DRF/env/lib64/python3.13/site-packages/django/core/handlers/base.py", line 197, in _get_response
    response = wrapped_callback(request, *callback_args, **callback_kwargs)
  File "/home/mrazim/Projects/DRF/env/lib64/python3.13/site-packages/django/views/decorators/csrf.py", line 65, in _view_wrapper
    return view_func(request, *args, **kwargs)
  File "/home/mrazim/Projects/DRF/env/lib64/python3.13/site-packages/rest_framework/viewsets.py", line 125, in view
    return self.dispatch(request, *args, **kwargs)
           ~~~~~~~~~~~~~^^^^^^^^^^^^^^^^^^^^^^^^^^
  File "/home/mrazim/Projects/DRF/env/lib64/python3.13/site-packages/rest_framework/views.py", line 515, in dispatch
    response = self.handle_exception(exc)
  File "/home/mrazim/Projects/DRF/env/lib64/python3.13/site-packages/rest_framework/views.py", line 475, in handle_exception
    self.raise_uncaught_exception(exc)
    ~~~~~~~~~~~~~~~~~~~~~~~~~~~~~^^^^^
  File "/home/mrazim/Projects/DRF/env/lib64/python3.13/site-packages/rest_framework/views.py", line 486, in raise_uncaught_exception
    raise exc
  File "/home/mrazim/Projects/DRF/env/lib64/python3.13/site-packages/rest_framework/views.py", line 503, in dispatch
    self.initial(request, *args, **kwargs)
    ~~~~~~~~~~~~^^^^^^^^^^^^^^^^^^^^^^^^^^
  File "/home/mrazim/Projects/DRF/env/lib64/python3.13/site-packages/rest_framework/views.py", line 421, in initial
    self.check_permissions(request)
    ~~~~~~~~~~~~~~~~~~~~~~^^^^^^^^^
  File "/home/mrazim/Projects/DRF/env/lib64/python3.13/site-packages/rest_framework/views.py", line 338, in check_permissions
    if not permission.has_permission(request, self):
           ~~~~~~~~~~~~~~~~~~~~~~~~~^^^^^^^^^^^^^^^
  File "/home/mrazim/Projects/DRF/env/lib64/python3.13/site-packages/rest_framework/permissions.py", line 243, in has_permission
    queryset = self._queryset(view)
  File "/home/mrazim/Projects/DRF/env/lib64/python3.13/site-packages/rest_framework/permissions.py", line 226, in _queryset
    queryset = view.get_queryset()
  File "/home/mrazim/Projects/DRF/gym-erp-management/organization/views.py", line 47, in get_queryset
    return get_objects_for_user(
           ~~~~~~~~~~~~~~~~~~~~^
        user,
        ^^^^^
        constants.CompanyPermissions.VIEW_COMPANY,
        ^^^^^^^^^^^^^^^^^^^^^^^^^^^^^^^^^^^^^^^^^^
        klass=Company
        ^^^^^^^^^^^^^
    ).filter(
    ^
  File "/home/mrazim/Projects/DRF/env/lib64/python3.13/site-packages/guardian/shortcuts.py", line 575, in get_objects_for_user
    new_ctype = new_ctype = _get_ct_cached(app_label, codename)
                            ~~~~~~~~~~~~~~^^^^^^^^^^^^^^^^^^^^^
  File "/home/mrazim/Projects/DRF/env/lib64/python3.13/site-packages/guardian/shortcuts.py", line 52, in _get_ct_cached
    return ContentType.objects.get(app_label=app_label, permission__codename=codename)
           ~~~~~~~~~~~~~~~~~~~~~~~^^^^^^^^^^^^^^^^^^^^^^^^^^^^^^^^^^^^^^^^^^^^^^^^^^^^
  File "/home/mrazim/Projects/DRF/env/lib64/python3.13/site-packages/django/db/models/manager.py", line 87, in manager_method
    return getattr(self.get_queryset(), name)(*args, **kwargs)
           ~~~~~~~~~~~~~~~~~~~~~~~~~~~~~~~~~~^^^^^^^^^^^^^^^^^
  File "/home/mrazim/Projects/DRF/env/lib64/python3.13/site-packages/django/db/models/query.py", line 629, in get
    num = len(clone)
  File "/home/mrazim/Projects/DRF/env/lib64/python3.13/site-packages/django/db/models/query.py", line 366, in __len__
    self._fetch_all()
    ~~~~~~~~~~~~~~~^^
  File "/home/mrazim/Projects/DRF/env/lib64/python3.13/site-packages/django/db/models/query.py", line 1935, in _fetch_all
    self._result_cache = list(self._iterable_class(self))
                         ~~~~^^^^^^^^^^^^^^^^^^^^^^^^^^^^
  File "/home/mrazim/Projects/DRF/env/lib64/python3.13/site-packages/django/db/models/query.py", line 91, in __iter__
    results = compiler.execute_sql(
        chunked_fetch=self.chunked_fetch, chunk_size=self.chunk_size
    )
  File "/home/mrazim/Projects/DRF/env/lib64/python3.13/site-packages/django/db/models/sql/compiler.py", line 1622, in execute_sql
    cursor.execute(sql, params)
    ~~~~~~~~~~~~~~^^^^^^^^^^^^^
  File "/home/mrazim/Projects/DRF/env/lib64/python3.13/site-packages/django/db/backends/utils.py", line 122, in execute
    return super().execute(sql, params)
           ~~~~~~~~~~~~~~~^^^^^^^^^^^^^
  File "/home/mrazim/Projects/DRF/env/lib64/python3.13/site-packages/django/db/backends/utils.py", line 79, in execute
    return self._execute_with_wrappers(
           ~~~~~~~~~~~~~~~~~~~~~~~~~~~^
        sql, params, many=False, executor=self._execute
        ^^^^^^^^^^^^^^^^^^^^^^^^^^^^^^^^^^^^^^^^^^^^^^^
    )
    ^
  File "/home/mrazim/Projects/DRF/env/lib64/python3.13/site-packages/django/db/backends/utils.py", line 92, in _execute_with_wrappers
    return executor(sql, params, many, context)
  File "/home/mrazim/Projects/DRF/env/lib64/python3.13/site-packages/django/db/backends/utils.py", line 100, in _execute
    with self.db.wrap_database_errors:
         ^^^^^^^^^^^^^^^^^^^^^^^^^^^^
  File "/home/mrazim/Projects/DRF/env/lib64/python3.13/site-packages/django/db/utils.py", line 91, in __exit__
    raise dj_exc_value.with_traceback(traceback) from exc_value
  File "/home/mrazim/Projects/DRF/env/lib64/python3.13/site-packages/django/db/backends/utils.py", line 105, in _execute
    return self.cursor.execute(sql, params)
           ~~~~~~~~~~~~~~~~~~~^^^^^^^^^^^^^
django.db.utils.ProgrammingError: relation "auth_permission" does not exist
LINE 1: ...pe"."model" FROM "django_content_type" INNER JOIN "auth_perm...
                                                             ^

ERROR | 2026-03-31 17:13:03,398 | django.server | basehttp:213 | "POST /organization/company/ HTTP/1.1" 500 28660
ERROR | 2026-03-31 17:15:52,015 | django.request | log:248 | Internal Server Error: /organization/company/
Traceback (most recent call last):
  File "/home/mrazim/Projects/DRF/env/lib64/python3.13/site-packages/django/db/backends/utils.py", line 105, in _execute
    return self.cursor.execute(sql, params)
           ~~~~~~~~~~~~~~~~~~~^^^^^^^^^^^^^
psycopg2.errors.UndefinedTable: relation "auth_permission" does not exist
LINE 1: ...pe"."model" FROM "django_content_type" INNER JOIN "auth_perm...
                                                             ^


The above exception was the direct cause of the following exception:

Traceback (most recent call last):
  File "/home/mrazim/Projects/DRF/env/lib64/python3.13/site-packages/django/core/handlers/exception.py", line 55, in inner
    response = get_response(request)
  File "/home/mrazim/Projects/DRF/env/lib64/python3.13/site-packages/django/core/handlers/base.py", line 197, in _get_response
    response = wrapped_callback(request, *callback_args, **callback_kwargs)
  File "/home/mrazim/Projects/DRF/env/lib64/python3.13/site-packages/django/views/decorators/csrf.py", line 65, in _view_wrapper
    return view_func(request, *args, **kwargs)
  File "/home/mrazim/Projects/DRF/env/lib64/python3.13/site-packages/rest_framework/viewsets.py", line 125, in view
    return self.dispatch(request, *args, **kwargs)
           ~~~~~~~~~~~~~^^^^^^^^^^^^^^^^^^^^^^^^^^
  File "/home/mrazim/Projects/DRF/env/lib64/python3.13/site-packages/rest_framework/views.py", line 515, in dispatch
    response = self.handle_exception(exc)
  File "/home/mrazim/Projects/DRF/env/lib64/python3.13/site-packages/rest_framework/views.py", line 475, in handle_exception
    self.raise_uncaught_exception(exc)
    ~~~~~~~~~~~~~~~~~~~~~~~~~~~~~^^^^^
  File "/home/mrazim/Projects/DRF/env/lib64/python3.13/site-packages/rest_framework/views.py", line 486, in raise_uncaught_exception
    raise exc
  File "/home/mrazim/Projects/DRF/env/lib64/python3.13/site-packages/rest_framework/views.py", line 503, in dispatch
    self.initial(request, *args, **kwargs)
    ~~~~~~~~~~~~^^^^^^^^^^^^^^^^^^^^^^^^^^
  File "/home/mrazim/Projects/DRF/env/lib64/python3.13/site-packages/rest_framework/views.py", line 421, in initial
    self.check_permissions(request)
    ~~~~~~~~~~~~~~~~~~~~~~^^^^^^^^^
  File "/home/mrazim/Projects/DRF/env/lib64/python3.13/site-packages/rest_framework/views.py", line 338, in check_permissions
    if not permission.has_permission(request, self):
           ~~~~~~~~~~~~~~~~~~~~~~~~~^^^^^^^^^^^^^^^
  File "/home/mrazim/Projects/DRF/env/lib64/python3.13/site-packages/rest_framework/permissions.py", line 243, in has_permission
    queryset = self._queryset(view)
  File "/home/mrazim/Projects/DRF/env/lib64/python3.13/site-packages/rest_framework/permissions.py", line 226, in _queryset
    queryset = view.get_queryset()
  File "/home/mrazim/Projects/DRF/gym-erp-management/organization/views.py", line 47, in get_queryset
    return get_objects_for_user(
           ~~~~~~~~~~~~~~~~~~~~^
        user,
        ^^^^^
        constants.CompanyPermissions.VIEW_COMPANY,
        ^^^^^^^^^^^^^^^^^^^^^^^^^^^^^^^^^^^^^^^^^^
        klass=Company
        ^^^^^^^^^^^^^
    ).filter(
    ^
  File "/home/mrazim/Projects/DRF/env/lib64/python3.13/site-packages/guardian/shortcuts.py", line 575, in get_objects_for_user
    new_ctype = new_ctype = _get_ct_cached(app_label, codename)
                            ~~~~~~~~~~~~~~^^^^^^^^^^^^^^^^^^^^^
  File "/home/mrazim/Projects/DRF/env/lib64/python3.13/site-packages/guardian/shortcuts.py", line 52, in _get_ct_cached
    return ContentType.objects.get(app_label=app_label, permission__codename=codename)
           ~~~~~~~~~~~~~~~~~~~~~~~^^^^^^^^^^^^^^^^^^^^^^^^^^^^^^^^^^^^^^^^^^^^^^^^^^^^
  File "/home/mrazim/Projects/DRF/env/lib64/python3.13/site-packages/django/db/models/manager.py", line 87, in manager_method
    return getattr(self.get_queryset(), name)(*args, **kwargs)
           ~~~~~~~~~~~~~~~~~~~~~~~~~~~~~~~~~~^^^^^^^^^^^^^^^^^
  File "/home/mrazim/Projects/DRF/env/lib64/python3.13/site-packages/django/db/models/query.py", line 629, in get
    num = len(clone)
  File "/home/mrazim/Projects/DRF/env/lib64/python3.13/site-packages/django/db/models/query.py", line 366, in __len__
    self._fetch_all()
    ~~~~~~~~~~~~~~~^^
  File "/home/mrazim/Projects/DRF/env/lib64/python3.13/site-packages/django/db/models/query.py", line 1935, in _fetch_all
    self._result_cache = list(self._iterable_class(self))
                         ~~~~^^^^^^^^^^^^^^^^^^^^^^^^^^^^
  File "/home/mrazim/Projects/DRF/env/lib64/python3.13/site-packages/django/db/models/query.py", line 91, in __iter__
    results = compiler.execute_sql(
        chunked_fetch=self.chunked_fetch, chunk_size=self.chunk_size
    )
  File "/home/mrazim/Projects/DRF/env/lib64/python3.13/site-packages/django/db/models/sql/compiler.py", line 1622, in execute_sql
    cursor.execute(sql, params)
    ~~~~~~~~~~~~~~^^^^^^^^^^^^^
  File "/home/mrazim/Projects/DRF/env/lib64/python3.13/site-packages/django/db/backends/utils.py", line 122, in execute
    return super().execute(sql, params)
           ~~~~~~~~~~~~~~~^^^^^^^^^^^^^
  File "/home/mrazim/Projects/DRF/env/lib64/python3.13/site-packages/django/db/backends/utils.py", line 79, in execute
    return self._execute_with_wrappers(
           ~~~~~~~~~~~~~~~~~~~~~~~~~~~^
        sql, params, many=False, executor=self._execute
        ^^^^^^^^^^^^^^^^^^^^^^^^^^^^^^^^^^^^^^^^^^^^^^^
    )
    ^
  File "/home/mrazim/Projects/DRF/env/lib64/python3.13/site-packages/django/db/backends/utils.py", line 92, in _execute_with_wrappers
    return executor(sql, params, many, context)
  File "/home/mrazim/Projects/DRF/env/lib64/python3.13/site-packages/django/db/backends/utils.py", line 100, in _execute
    with self.db.wrap_database_errors:
         ^^^^^^^^^^^^^^^^^^^^^^^^^^^^
  File "/home/mrazim/Projects/DRF/env/lib64/python3.13/site-packages/django/db/utils.py", line 91, in __exit__
    raise dj_exc_value.with_traceback(traceback) from exc_value
  File "/home/mrazim/Projects/DRF/env/lib64/python3.13/site-packages/django/db/backends/utils.py", line 105, in _execute
    return self.cursor.execute(sql, params)
           ~~~~~~~~~~~~~~~~~~~^^^^^^^^^^^^^
django.db.utils.ProgrammingError: relation "auth_permission" does not exist
LINE 1: ...pe"."model" FROM "django_content_type" INNER JOIN "auth_perm...
                                                             ^

ERROR | 2026-03-31 17:15:52,021 | django.server | basehttp:213 | "POST /organization/company/ HTTP/1.1" 500 28671
ERROR | 2026-04-01 01:24:46,895 | django.request | log:248 | Internal Server Error: /organization/company/
Traceback (most recent call last):
  File "/home/mrazim/Projects/DRF/env/lib64/python3.13/site-packages/django/db/backends/utils.py", line 105, in _execute
    return self.cursor.execute(sql, params)
           ~~~~~~~~~~~~~~~~~~~^^^^^^^^^^^^^
psycopg2.errors.UndefinedTable: relation "auth_permission" does not exist
LINE 1: ...pe"."model" FROM "django_content_type" INNER JOIN "auth_perm...
                                                             ^


The above exception was the direct cause of the following exception:

Traceback (most recent call last):
  File "/home/mrazim/Projects/DRF/env/lib64/python3.13/site-packages/django/core/handlers/exception.py", line 55, in inner
    response = get_response(request)
  File "/home/mrazim/Projects/DRF/env/lib64/python3.13/site-packages/django/core/handlers/base.py", line 197, in _get_response
    response = wrapped_callback(request, *callback_args, **callback_kwargs)
  File "/home/mrazim/Projects/DRF/env/lib64/python3.13/site-packages/django/views/decorators/csrf.py", line 65, in _view_wrapper
    return view_func(request, *args, **kwargs)
  File "/home/mrazim/Projects/DRF/env/lib64/python3.13/site-packages/rest_framework/viewsets.py", line 125, in view
    return self.dispatch(request, *args, **kwargs)
           ~~~~~~~~~~~~~^^^^^^^^^^^^^^^^^^^^^^^^^^
  File "/home/mrazim/Projects/DRF/env/lib64/python3.13/site-packages/rest_framework/views.py", line 515, in dispatch
    response = self.handle_exception(exc)
  File "/home/mrazim/Projects/DRF/env/lib64/python3.13/site-packages/rest_framework/views.py", line 475, in handle_exception
    self.raise_uncaught_exception(exc)
    ~~~~~~~~~~~~~~~~~~~~~~~~~~~~~^^^^^
  File "/home/mrazim/Projects/DRF/env/lib64/python3.13/site-packages/rest_framework/views.py", line 486, in raise_uncaught_exception
    raise exc
  File "/home/mrazim/Projects/DRF/env/lib64/python3.13/site-packages/rest_framework/views.py", line 503, in dispatch
    self.initial(request, *args, **kwargs)
    ~~~~~~~~~~~~^^^^^^^^^^^^^^^^^^^^^^^^^^
  File "/home/mrazim/Projects/DRF/env/lib64/python3.13/site-packages/rest_framework/views.py", line 421, in initial
    self.check_permissions(request)
    ~~~~~~~~~~~~~~~~~~~~~~^^^^^^^^^
  File "/home/mrazim/Projects/DRF/env/lib64/python3.13/site-packages/rest_framework/views.py", line 338, in check_permissions
    if not permission.has_permission(request, self):
           ~~~~~~~~~~~~~~~~~~~~~~~~~^^^^^^^^^^^^^^^
  File "/home/mrazim/Projects/DRF/env/lib64/python3.13/site-packages/rest_framework/permissions.py", line 243, in has_permission
    queryset = self._queryset(view)
  File "/home/mrazim/Projects/DRF/env/lib64/python3.13/site-packages/rest_framework/permissions.py", line 226, in _queryset
    queryset = view.get_queryset()
  File "/home/mrazim/Projects/DRF/gym-erp-management/organization/views.py", line 47, in get_queryset
    return get_objects_for_user(
           ~~~~~~~~~~~~~~~~~~~~^
        user,
        ^^^^^
        constants.CompanyPermissions.VIEW_COMPANY,
        ^^^^^^^^^^^^^^^^^^^^^^^^^^^^^^^^^^^^^^^^^^
        klass=Company
        ^^^^^^^^^^^^^
    ).filter(
    ^
  File "/home/mrazim/Projects/DRF/env/lib64/python3.13/site-packages/guardian/shortcuts.py", line 575, in get_objects_for_user
    new_ctype = new_ctype = _get_ct_cached(app_label, codename)
                            ~~~~~~~~~~~~~~^^^^^^^^^^^^^^^^^^^^^
  File "/home/mrazim/Projects/DRF/env/lib64/python3.13/site-packages/guardian/shortcuts.py", line 52, in _get_ct_cached
    return ContentType.objects.get(app_label=app_label, permission__codename=codename)
           ~~~~~~~~~~~~~~~~~~~~~~~^^^^^^^^^^^^^^^^^^^^^^^^^^^^^^^^^^^^^^^^^^^^^^^^^^^^
  File "/home/mrazim/Projects/DRF/env/lib64/python3.13/site-packages/django/db/models/manager.py", line 87, in manager_method
    return getattr(self.get_queryset(), name)(*args, **kwargs)
           ~~~~~~~~~~~~~~~~~~~~~~~~~~~~~~~~~~^^^^^^^^^^^^^^^^^
  File "/home/mrazim/Projects/DRF/env/lib64/python3.13/site-packages/django/db/models/query.py", line 629, in get
    num = len(clone)
  File "/home/mrazim/Projects/DRF/env/lib64/python3.13/site-packages/django/db/models/query.py", line 366, in __len__
    self._fetch_all()
    ~~~~~~~~~~~~~~~^^
  File "/home/mrazim/Projects/DRF/env/lib64/python3.13/site-packages/django/db/models/query.py", line 1935, in _fetch_all
    self._result_cache = list(self._iterable_class(self))
                         ~~~~^^^^^^^^^^^^^^^^^^^^^^^^^^^^
  File "/home/mrazim/Projects/DRF/env/lib64/python3.13/site-packages/django/db/models/query.py", line 91, in __iter__
    results = compiler.execute_sql(
        chunked_fetch=self.chunked_fetch, chunk_size=self.chunk_size
    )
  File "/home/mrazim/Projects/DRF/env/lib64/python3.13/site-packages/django/db/models/sql/compiler.py", line 1622, in execute_sql
    cursor.execute(sql, params)
    ~~~~~~~~~~~~~~^^^^^^^^^^^^^
  File "/home/mrazim/Projects/DRF/env/lib64/python3.13/site-packages/django/db/backends/utils.py", line 122, in execute
    return super().execute(sql, params)
           ~~~~~~~~~~~~~~~^^^^^^^^^^^^^
  File "/home/mrazim/Projects/DRF/env/lib64/python3.13/site-packages/django/db/backends/utils.py", line 79, in execute
    return self._execute_with_wrappers(
           ~~~~~~~~~~~~~~~~~~~~~~~~~~~^
        sql, params, many=False, executor=self._execute
        ^^^^^^^^^^^^^^^^^^^^^^^^^^^^^^^^^^^^^^^^^^^^^^^
    )
    ^
  File "/home/mrazim/Projects/DRF/env/lib64/python3.13/site-packages/django/db/backends/utils.py", line 92, in _execute_with_wrappers
    return executor(sql, params, many, context)
  File "/home/mrazim/Projects/DRF/env/lib64/python3.13/site-packages/django/db/backends/utils.py", line 100, in _execute
    with self.db.wrap_database_errors:
         ^^^^^^^^^^^^^^^^^^^^^^^^^^^^
  File "/home/mrazim/Projects/DRF/env/lib64/python3.13/site-packages/django/db/utils.py", line 91, in __exit__
    raise dj_exc_value.with_traceback(traceback) from exc_value
  File "/home/mrazim/Projects/DRF/env/lib64/python3.13/site-packages/django/db/backends/utils.py", line 105, in _execute
    return self.cursor.execute(sql, params)
           ~~~~~~~~~~~~~~~~~~~^^^^^^^^^^^^^
django.db.utils.ProgrammingError: relation "auth_permission" does not exist
LINE 1: ...pe"."model" FROM "django_content_type" INNER JOIN "auth_perm...
                                                             ^

ERROR | 2026-04-01 01:24:46,898 | django.server | basehttp:213 | "POST /organization/company/ HTTP/1.1" 500 28671
ERROR | 2026-04-05 10:07:15,731 | django.request | log:248 | Internal Server Error: /authentication/login/
Traceback (most recent call last):
  File "/home/mrazim/Projects/DRF/env/lib64/python3.13/site-packages/django/db/backends/utils.py", line 105, in _execute
    return self.cursor.execute(sql, params)
           ~~~~~~~~~~~~~~~~~~~^^^^^^^^^^^^^
psycopg2.errors.UndefinedTable: relation "auditlog_logentry" does not exist
LINE 1: INSERT INTO "auditlog_logentry" ("content_type_id", "object_...
                    ^


The above exception was the direct cause of the following exception:

Traceback (most recent call last):
  File "/home/mrazim/Projects/DRF/env/lib64/python3.13/site-packages/django/core/handlers/exception.py", line 55, in inner
    response = get_response(request)
  File "/home/mrazim/Projects/DRF/env/lib64/python3.13/site-packages/django/core/handlers/base.py", line 197, in _get_response
    response = wrapped_callback(request, *callback_args, **callback_kwargs)
  File "/home/mrazim/Projects/DRF/env/lib64/python3.13/site-packages/django/views/decorators/csrf.py", line 65, in _view_wrapper
    return view_func(request, *args, **kwargs)
  File "/home/mrazim/Projects/DRF/env/lib64/python3.13/site-packages/django/views/generic/base.py", line 104, in view
    return self.dispatch(request, *args, **kwargs)
           ~~~~~~~~~~~~~^^^^^^^^^^^^^^^^^^^^^^^^^^
  File "/home/mrazim/Projects/DRF/env/lib64/python3.13/site-packages/django/utils/decorators.py", line 48, in _wrapper
    return bound_method(*args, **kwargs)
  File "/home/mrazim/Projects/DRF/env/lib64/python3.13/site-packages/django/views/decorators/debug.py", line 143, in sensitive_post_parameters_wrapper
    return view(request, *args, **kwargs)
  File "/home/mrazim/Projects/DRF/env/lib64/python3.13/site-packages/dj_rest_auth/views.py", line 48, in dispatch
    return super().dispatch(*args, **kwargs)
           ~~~~~~~~~~~~~~~~^^^^^^^^^^^^^^^^^
  File "/home/mrazim/Projects/DRF/env/lib64/python3.13/site-packages/rest_framework/views.py", line 515, in dispatch
    response = self.handle_exception(exc)
  File "/home/mrazim/Projects/DRF/env/lib64/python3.13/site-packages/rest_framework/views.py", line 475, in handle_exception
    self.raise_uncaught_exception(exc)
    ~~~~~~~~~~~~~~~~~~~~~~~~~~~~~^^^^^
  File "/home/mrazim/Projects/DRF/env/lib64/python3.13/site-packages/rest_framework/views.py", line 486, in raise_uncaught_exception
    raise exc
  File "/home/mrazim/Projects/DRF/env/lib64/python3.13/site-packages/rest_framework/views.py", line 512, in dispatch
    response = handler(request, *args, **kwargs)
  File "/home/mrazim/Projects/DRF/env/lib64/python3.13/site-packages/dj_rest_auth/views.py", line 127, in post
    self.login()
    ~~~~~~~~~~^^
  File "/home/mrazim/Projects/DRF/env/lib64/python3.13/site-packages/dj_rest_auth/views.py", line 75, in login
    self.process_login()
    ~~~~~~~~~~~~~~~~~~^^
  File "/home/mrazim/Projects/DRF/env/lib64/python3.13/site-packages/dj_rest_auth/views.py", line 51, in process_login
    django_login(self.request, self.user)
    ~~~~~~~~~~~~^^^^^^^^^^^^^^^^^^^^^^^^^
  File "/home/mrazim/Projects/DRF/env/lib64/python3.13/site-packages/django/contrib/auth/__init__.py", line 197, in login
    user_logged_in.send(sender=user.__class__, request=request, user=user)
    ~~~~~~~~~~~~~~~~~~~^^^^^^^^^^^^^^^^^^^^^^^^^^^^^^^^^^^^^^^^^^^^^^^^^^^
  File "/home/mrazim/Projects/DRF/env/lib64/python3.13/site-packages/django/dispatch/dispatcher.py", line 189, in send
    response = receiver(signal=self, sender=sender, **named)
  File "/home/mrazim/Projects/DRF/env/lib64/python3.13/site-packages/django/contrib/auth/models.py", line 24, in update_last_login
    user.save(update_fields=["last_login"])
    ~~~~~~~~~^^^^^^^^^^^^^^^^^^^^^^^^^^^^^^
  File "/home/mrazim/Projects/DRF/env/lib64/python3.13/site-packages/django/contrib/auth/base_user.py", line 65, in save
    super().save(*args, **kwargs)
    ~~~~~~~~~~~~^^^^^^^^^^^^^^^^^
  File "/home/mrazim/Projects/DRF/env/lib64/python3.13/site-packages/django/db/models/base.py", line 902, in save
    self.save_base(
    ~~~~~~~~~~~~~~^
        using=using,
        ^^^^^^^^^^^^
    ...<2 lines>...
        update_fields=update_fields,
        ^^^^^^^^^^^^^^^^^^^^^^^^^^^^
    )
    ^
  File "/home/mrazim/Projects/DRF/env/lib64/python3.13/site-packages/django/db/models/base.py", line 988, in save_base
    pre_save.send(
    ~~~~~~~~~~~~~^
        sender=origin,
        ^^^^^^^^^^^^^^
    ...<3 lines>...
        update_fields=update_fields,
        ^^^^^^^^^^^^^^^^^^^^^^^^^^^^
    )
    ^
  File "/home/mrazim/Projects/DRF/env/lib64/python3.13/site-packages/django/dispatch/dispatcher.py", line 189, in send
    response = receiver(signal=self, sender=sender, **named)
  File "/home/mrazim/Projects/DRF/env/lib64/python3.13/site-packages/auditlog/receivers.py", line 28, in wrapper
    signal_handler(*args, **kwargs)
    ~~~~~~~~~~~~~~^^^^^^^^^^^^^^^^^
  File "/home/mrazim/Projects/DRF/env/lib64/python3.13/site-packages/auditlog/receivers.py", line 61, in log_update
    _create_log_entry(
    ~~~~~~~~~~~~~~~~~^
        action=get_logentry_model().Action.UPDATE,
        ^^^^^^^^^^^^^^^^^^^^^^^^^^^^^^^^^^^^^^^^^^
    ...<5 lines>...
        use_json_for_changes=settings.AUDITLOG_STORE_JSON_CHANGES,
        ^^^^^^^^^^^^^^^^^^^^^^^^^^^^^^^^^^^^^^^^^^^^^^^^^^^^^^^^^^
    )
    ^
  File "/home/mrazim/Projects/DRF/env/lib64/python3.13/site-packages/auditlog/receivers.py", line 163, in _create_log_entry
    raise error
  File "/home/mrazim/Projects/DRF/env/lib64/python3.13/site-packages/auditlog/receivers.py", line 140, in _create_log_entry
    log_entry = LogEntry.objects.log_create(
        instance,
    ...<2 lines>...
        force_log=force_log,
    )
  File "/home/mrazim/Projects/DRF/env/lib64/python3.13/site-packages/auditlog/models.py", line 79, in log_create
    return self.create(**kwargs)
           ~~~~~~~~~~~^^^^^^^^^^
  File "/home/mrazim/Projects/DRF/env/lib64/python3.13/site-packages/django/db/models/manager.py", line 87, in manager_method
    return getattr(self.get_queryset(), name)(*args, **kwargs)
           ~~~~~~~~~~~~~~~~~~~~~~~~~~~~~~~~~~^^^^^^^^^^^^^^^^^
  File "/home/mrazim/Projects/DRF/env/lib64/python3.13/site-packages/django/db/models/query.py", line 663, in create
    obj.save(force_insert=True, using=self.db)
    ~~~~~~~~^^^^^^^^^^^^^^^^^^^^^^^^^^^^^^^^^^
  File "/home/mrazim/Projects/DRF/env/lib64/python3.13/site-packages/django/db/models/base.py", line 902, in save
    self.save_base(
    ~~~~~~~~~~~~~~^
        using=using,
        ^^^^^^^^^^^^
    ...<2 lines>...
        update_fields=update_fields,
        ^^^^^^^^^^^^^^^^^^^^^^^^^^^^
    )
    ^
  File "/home/mrazim/Projects/DRF/env/lib64/python3.13/site-packages/django/db/models/base.py", line 1008, in save_base
    updated = self._save_table(
        raw,
    ...<4 lines>...
        update_fields,
    )
  File "/home/mrazim/Projects/DRF/env/lib64/python3.13/site-packages/django/db/models/base.py", line 1169, in _save_table
    results = self._do_insert(
        cls._base_manager, using, fields, returning_fields, raw
    )
  File "/home/mrazim/Projects/DRF/env/lib64/python3.13/site-packages/django/db/models/base.py", line 1210, in _do_insert
    return manager._insert(
           ~~~~~~~~~~~~~~~^
        [self],
        ^^^^^^^
    ...<3 lines>...
        raw=raw,
        ^^^^^^^^
    )
    ^
  File "/home/mrazim/Projects/DRF/env/lib64/python3.13/site-packages/django/db/models/manager.py", line 87, in manager_method
    return getattr(self.get_queryset(), name)(*args, **kwargs)
           ~~~~~~~~~~~~~~~~~~~~~~~~~~~~~~~~~~^^^^^^^^^^^^^^^^^
  File "/home/mrazim/Projects/DRF/env/lib64/python3.13/site-packages/django/db/models/query.py", line 1854, in _insert
    return query.get_compiler(using=using).execute_sql(returning_fields)
           ~~~~~~~~~~~~~~~~~~~~~~~~~~~~~~~~~~~~~~~~~~~^^^^^^^^^^^^^^^^^^
  File "/home/mrazim/Projects/DRF/env/lib64/python3.13/site-packages/django/db/models/sql/compiler.py", line 1881, in execute_sql
    cursor.execute(sql, params)
    ~~~~~~~~~~~~~~^^^^^^^^^^^^^
  File "/home/mrazim/Projects/DRF/env/lib64/python3.13/site-packages/django/db/backends/utils.py", line 122, in execute
    return super().execute(sql, params)
           ~~~~~~~~~~~~~~~^^^^^^^^^^^^^
  File "/home/mrazim/Projects/DRF/env/lib64/python3.13/site-packages/django/db/backends/utils.py", line 79, in execute
    return self._execute_with_wrappers(
           ~~~~~~~~~~~~~~~~~~~~~~~~~~~^
        sql, params, many=False, executor=self._execute
        ^^^^^^^^^^^^^^^^^^^^^^^^^^^^^^^^^^^^^^^^^^^^^^^
    )
    ^
  File "/home/mrazim/Projects/DRF/env/lib64/python3.13/site-packages/django/db/backends/utils.py", line 92, in _execute_with_wrappers
    return executor(sql, params, many, context)
  File "/home/mrazim/Projects/DRF/env/lib64/python3.13/site-packages/django/db/backends/utils.py", line 100, in _execute
    with self.db.wrap_database_errors:
         ^^^^^^^^^^^^^^^^^^^^^^^^^^^^
  File "/home/mrazim/Projects/DRF/env/lib64/python3.13/site-packages/django/db/utils.py", line 91, in __exit__
    raise dj_exc_value.with_traceback(traceback) from exc_value
  File "/home/mrazim/Projects/DRF/env/lib64/python3.13/site-packages/django/db/backends/utils.py", line 105, in _execute
    return self.cursor.execute(sql, params)
           ~~~~~~~~~~~~~~~~~~~^^^^^^^^^^^^^
django.db.utils.ProgrammingError: relation "auditlog_logentry" does not exist
LINE 1: INSERT INTO "auditlog_logentry" ("content_type_id", "object_...
                    ^

ERROR | 2026-04-05 10:07:15,747 | django.server | basehttp:213 | "POST /authentication/login/ HTTP/1.1" 500 31153
ERROR | 2026-04-05 10:08:50,460 | django.request | log:248 | Internal Server Error: /authentication/login/
Traceback (most recent call last):
  File "/home/mrazim/Projects/DRF/env/lib64/python3.13/site-packages/django/db/backends/utils.py", line 105, in _execute
    return self.cursor.execute(sql, params)
           ~~~~~~~~~~~~~~~~~~~^^^^^^^^^^^^^
psycopg2.errors.UndefinedTable: relation "auditlog_logentry" does not exist
LINE 1: INSERT INTO "auditlog_logentry" ("content_type_id", "object_...
                    ^


The above exception was the direct cause of the following exception:

Traceback (most recent call last):
  File "/home/mrazim/Projects/DRF/env/lib64/python3.13/site-packages/django/core/handlers/exception.py", line 55, in inner
    response = get_response(request)
  File "/home/mrazim/Projects/DRF/env/lib64/python3.13/site-packages/django/core/handlers/base.py", line 197, in _get_response
    response = wrapped_callback(request, *callback_args, **callback_kwargs)
  File "/home/mrazim/Projects/DRF/env/lib64/python3.13/site-packages/django/views/decorators/csrf.py", line 65, in _view_wrapper
    return view_func(request, *args, **kwargs)
  File "/home/mrazim/Projects/DRF/env/lib64/python3.13/site-packages/django/views/generic/base.py", line 104, in view
    return self.dispatch(request, *args, **kwargs)
           ~~~~~~~~~~~~~^^^^^^^^^^^^^^^^^^^^^^^^^^
  File "/home/mrazim/Projects/DRF/env/lib64/python3.13/site-packages/django/utils/decorators.py", line 48, in _wrapper
    return bound_method(*args, **kwargs)
  File "/home/mrazim/Projects/DRF/env/lib64/python3.13/site-packages/django/views/decorators/debug.py", line 143, in sensitive_post_parameters_wrapper
    return view(request, *args, **kwargs)
  File "/home/mrazim/Projects/DRF/env/lib64/python3.13/site-packages/dj_rest_auth/views.py", line 48, in dispatch
    return super().dispatch(*args, **kwargs)
           ~~~~~~~~~~~~~~~~^^^^^^^^^^^^^^^^^
  File "/home/mrazim/Projects/DRF/env/lib64/python3.13/site-packages/rest_framework/views.py", line 515, in dispatch
    response = self.handle_exception(exc)
  File "/home/mrazim/Projects/DRF/env/lib64/python3.13/site-packages/rest_framework/views.py", line 475, in handle_exception
    self.raise_uncaught_exception(exc)
    ~~~~~~~~~~~~~~~~~~~~~~~~~~~~~^^^^^
  File "/home/mrazim/Projects/DRF/env/lib64/python3.13/site-packages/rest_framework/views.py", line 486, in raise_uncaught_exception
    raise exc
  File "/home/mrazim/Projects/DRF/env/lib64/python3.13/site-packages/rest_framework/views.py", line 512, in dispatch
    response = handler(request, *args, **kwargs)
  File "/home/mrazim/Projects/DRF/env/lib64/python3.13/site-packages/dj_rest_auth/views.py", line 127, in post
    self.login()
    ~~~~~~~~~~^^
  File "/home/mrazim/Projects/DRF/env/lib64/python3.13/site-packages/dj_rest_auth/views.py", line 75, in login
    self.process_login()
    ~~~~~~~~~~~~~~~~~~^^
  File "/home/mrazim/Projects/DRF/env/lib64/python3.13/site-packages/dj_rest_auth/views.py", line 51, in process_login
    django_login(self.request, self.user)
    ~~~~~~~~~~~~^^^^^^^^^^^^^^^^^^^^^^^^^
  File "/home/mrazim/Projects/DRF/env/lib64/python3.13/site-packages/django/contrib/auth/__init__.py", line 197, in login
    user_logged_in.send(sender=user.__class__, request=request, user=user)
    ~~~~~~~~~~~~~~~~~~~^^^^^^^^^^^^^^^^^^^^^^^^^^^^^^^^^^^^^^^^^^^^^^^^^^^
  File "/home/mrazim/Projects/DRF/env/lib64/python3.13/site-packages/django/dispatch/dispatcher.py", line 189, in send
    response = receiver(signal=self, sender=sender, **named)
  File "/home/mrazim/Projects/DRF/env/lib64/python3.13/site-packages/django/contrib/auth/models.py", line 24, in update_last_login
    user.save(update_fields=["last_login"])
    ~~~~~~~~~^^^^^^^^^^^^^^^^^^^^^^^^^^^^^^
  File "/home/mrazim/Projects/DRF/env/lib64/python3.13/site-packages/django/contrib/auth/base_user.py", line 65, in save
    super().save(*args, **kwargs)
    ~~~~~~~~~~~~^^^^^^^^^^^^^^^^^
  File "/home/mrazim/Projects/DRF/env/lib64/python3.13/site-packages/django/db/models/base.py", line 902, in save
    self.save_base(
    ~~~~~~~~~~~~~~^
        using=using,
        ^^^^^^^^^^^^
    ...<2 lines>...
        update_fields=update_fields,
        ^^^^^^^^^^^^^^^^^^^^^^^^^^^^
    )
    ^
  File "/home/mrazim/Projects/DRF/env/lib64/python3.13/site-packages/django/db/models/base.py", line 988, in save_base
    pre_save.send(
    ~~~~~~~~~~~~~^
        sender=origin,
        ^^^^^^^^^^^^^^
    ...<3 lines>...
        update_fields=update_fields,
        ^^^^^^^^^^^^^^^^^^^^^^^^^^^^
    )
    ^
  File "/home/mrazim/Projects/DRF/env/lib64/python3.13/site-packages/django/dispatch/dispatcher.py", line 189, in send
    response = receiver(signal=self, sender=sender, **named)
  File "/home/mrazim/Projects/DRF/env/lib64/python3.13/site-packages/auditlog/receivers.py", line 28, in wrapper
    signal_handler(*args, **kwargs)
    ~~~~~~~~~~~~~~^^^^^^^^^^^^^^^^^
  File "/home/mrazim/Projects/DRF/env/lib64/python3.13/site-packages/auditlog/receivers.py", line 61, in log_update
    _create_log_entry(
    ~~~~~~~~~~~~~~~~~^
        action=get_logentry_model().Action.UPDATE,
        ^^^^^^^^^^^^^^^^^^^^^^^^^^^^^^^^^^^^^^^^^^
    ...<5 lines>...
        use_json_for_changes=settings.AUDITLOG_STORE_JSON_CHANGES,
        ^^^^^^^^^^^^^^^^^^^^^^^^^^^^^^^^^^^^^^^^^^^^^^^^^^^^^^^^^^
    )
    ^
  File "/home/mrazim/Projects/DRF/env/lib64/python3.13/site-packages/auditlog/receivers.py", line 163, in _create_log_entry
    raise error
  File "/home/mrazim/Projects/DRF/env/lib64/python3.13/site-packages/auditlog/receivers.py", line 140, in _create_log_entry
    log_entry = LogEntry.objects.log_create(
        instance,
    ...<2 lines>...
        force_log=force_log,
    )
  File "/home/mrazim/Projects/DRF/env/lib64/python3.13/site-packages/auditlog/models.py", line 79, in log_create
    return self.create(**kwargs)
           ~~~~~~~~~~~^^^^^^^^^^
  File "/home/mrazim/Projects/DRF/env/lib64/python3.13/site-packages/django/db/models/manager.py", line 87, in manager_method
    return getattr(self.get_queryset(), name)(*args, **kwargs)
           ~~~~~~~~~~~~~~~~~~~~~~~~~~~~~~~~~~^^^^^^^^^^^^^^^^^
  File "/home/mrazim/Projects/DRF/env/lib64/python3.13/site-packages/django/db/models/query.py", line 663, in create
    obj.save(force_insert=True, using=self.db)
    ~~~~~~~~^^^^^^^^^^^^^^^^^^^^^^^^^^^^^^^^^^
  File "/home/mrazim/Projects/DRF/env/lib64/python3.13/site-packages/django/db/models/base.py", line 902, in save
    self.save_base(
    ~~~~~~~~~~~~~~^
        using=using,
        ^^^^^^^^^^^^
    ...<2 lines>...
        update_fields=update_fields,
        ^^^^^^^^^^^^^^^^^^^^^^^^^^^^
    )
    ^
  File "/home/mrazim/Projects/DRF/env/lib64/python3.13/site-packages/django/db/models/base.py", line 1008, in save_base
    updated = self._save_table(
        raw,
    ...<4 lines>...
        update_fields,
    )
  File "/home/mrazim/Projects/DRF/env/lib64/python3.13/site-packages/django/db/models/base.py", line 1169, in _save_table
    results = self._do_insert(
        cls._base_manager, using, fields, returning_fields, raw
    )
  File "/home/mrazim/Projects/DRF/env/lib64/python3.13/site-packages/django/db/models/base.py", line 1210, in _do_insert
    return manager._insert(
           ~~~~~~~~~~~~~~~^
        [self],
        ^^^^^^^
    ...<3 lines>...
        raw=raw,
        ^^^^^^^^
    )
    ^
  File "/home/mrazim/Projects/DRF/env/lib64/python3.13/site-packages/django/db/models/manager.py", line 87, in manager_method
    return getattr(self.get_queryset(), name)(*args, **kwargs)
           ~~~~~~~~~~~~~~~~~~~~~~~~~~~~~~~~~~^^^^^^^^^^^^^^^^^
  File "/home/mrazim/Projects/DRF/env/lib64/python3.13/site-packages/django/db/models/query.py", line 1854, in _insert
    return query.get_compiler(using=using).execute_sql(returning_fields)
           ~~~~~~~~~~~~~~~~~~~~~~~~~~~~~~~~~~~~~~~~~~~^^^^^^^^^^^^^^^^^^
  File "/home/mrazim/Projects/DRF/env/lib64/python3.13/site-packages/django/db/models/sql/compiler.py", line 1881, in execute_sql
    cursor.execute(sql, params)
    ~~~~~~~~~~~~~~^^^^^^^^^^^^^
  File "/home/mrazim/Projects/DRF/env/lib64/python3.13/site-packages/django/db/backends/utils.py", line 122, in execute
    return super().execute(sql, params)
           ~~~~~~~~~~~~~~~^^^^^^^^^^^^^
  File "/home/mrazim/Projects/DRF/env/lib64/python3.13/site-packages/django/db/backends/utils.py", line 79, in execute
    return self._execute_with_wrappers(
           ~~~~~~~~~~~~~~~~~~~~~~~~~~~^
        sql, params, many=False, executor=self._execute
        ^^^^^^^^^^^^^^^^^^^^^^^^^^^^^^^^^^^^^^^^^^^^^^^
    )
    ^
  File "/home/mrazim/Projects/DRF/env/lib64/python3.13/site-packages/django/db/backends/utils.py", line 92, in _execute_with_wrappers
    return executor(sql, params, many, context)
  File "/home/mrazim/Projects/DRF/env/lib64/python3.13/site-packages/django/db/backends/utils.py", line 100, in _execute
    with self.db.wrap_database_errors:
         ^^^^^^^^^^^^^^^^^^^^^^^^^^^^
  File "/home/mrazim/Projects/DRF/env/lib64/python3.13/site-packages/django/db/utils.py", line 91, in __exit__
    raise dj_exc_value.with_traceback(traceback) from exc_value
  File "/home/mrazim/Projects/DRF/env/lib64/python3.13/site-packages/django/db/backends/utils.py", line 105, in _execute
    return self.cursor.execute(sql, params)
           ~~~~~~~~~~~~~~~~~~~^^^^^^^^^^^^^
django.db.utils.ProgrammingError: relation "auditlog_logentry" does not exist
LINE 1: INSERT INTO "auditlog_logentry" ("content_type_id", "object_...
                    ^

ERROR | 2026-04-05 10:08:50,470 | django.server | basehttp:213 | "POST /authentication/login/ HTTP/1.1" 500 31238
ERROR | 2026-04-05 12:52:44,840 | django.request | log:248 | Internal Server Error: /authentication/login/
Traceback (most recent call last):
  File "/home/mrazim/Projects/DRF/env/lib64/python3.13/site-packages/django/db/backends/utils.py", line 105, in _execute
    return self.cursor.execute(sql, params)
           ~~~~~~~~~~~~~~~~~~~^^^^^^^^^^^^^
psycopg2.errors.UndefinedTable: relation "auditlog_logentry" does not exist
LINE 1: INSERT INTO "auditlog_logentry" ("content_type_id", "object_...
                    ^


The above exception was the direct cause of the following exception:

Traceback (most recent call last):
  File "/home/mrazim/Projects/DRF/env/lib64/python3.13/site-packages/django/core/handlers/exception.py", line 55, in inner
    response = get_response(request)
  File "/home/mrazim/Projects/DRF/env/lib64/python3.13/site-packages/django/core/handlers/base.py", line 197, in _get_response
    response = wrapped_callback(request, *callback_args, **callback_kwargs)
  File "/home/mrazim/Projects/DRF/env/lib64/python3.13/site-packages/django/views/decorators/csrf.py", line 65, in _view_wrapper
    return view_func(request, *args, **kwargs)
  File "/home/mrazim/Projects/DRF/env/lib64/python3.13/site-packages/django/views/generic/base.py", line 104, in view
    return self.dispatch(request, *args, **kwargs)
           ~~~~~~~~~~~~~^^^^^^^^^^^^^^^^^^^^^^^^^^
  File "/home/mrazim/Projects/DRF/env/lib64/python3.13/site-packages/django/utils/decorators.py", line 48, in _wrapper
    return bound_method(*args, **kwargs)
  File "/home/mrazim/Projects/DRF/env/lib64/python3.13/site-packages/django/views/decorators/debug.py", line 143, in sensitive_post_parameters_wrapper
    return view(request, *args, **kwargs)
  File "/home/mrazim/Projects/DRF/env/lib64/python3.13/site-packages/dj_rest_auth/views.py", line 48, in dispatch
    return super().dispatch(*args, **kwargs)
           ~~~~~~~~~~~~~~~~^^^^^^^^^^^^^^^^^
  File "/home/mrazim/Projects/DRF/env/lib64/python3.13/site-packages/rest_framework/views.py", line 515, in dispatch
    response = self.handle_exception(exc)
  File "/home/mrazim/Projects/DRF/env/lib64/python3.13/site-packages/rest_framework/views.py", line 475, in handle_exception
    self.raise_uncaught_exception(exc)
    ~~~~~~~~~~~~~~~~~~~~~~~~~~~~~^^^^^
  File "/home/mrazim/Projects/DRF/env/lib64/python3.13/site-packages/rest_framework/views.py", line 486, in raise_uncaught_exception
    raise exc
  File "/home/mrazim/Projects/DRF/env/lib64/python3.13/site-packages/rest_framework/views.py", line 512, in dispatch
    response = handler(request, *args, **kwargs)
  File "/home/mrazim/Projects/DRF/env/lib64/python3.13/site-packages/dj_rest_auth/views.py", line 127, in post
    self.login()
    ~~~~~~~~~~^^
  File "/home/mrazim/Projects/DRF/env/lib64/python3.13/site-packages/dj_rest_auth/views.py", line 75, in login
    self.process_login()
    ~~~~~~~~~~~~~~~~~~^^
  File "/home/mrazim/Projects/DRF/env/lib64/python3.13/site-packages/dj_rest_auth/views.py", line 51, in process_login
    django_login(self.request, self.user)
    ~~~~~~~~~~~~^^^^^^^^^^^^^^^^^^^^^^^^^
  File "/home/mrazim/Projects/DRF/env/lib64/python3.13/site-packages/django/contrib/auth/__init__.py", line 197, in login
    user_logged_in.send(sender=user.__class__, request=request, user=user)
    ~~~~~~~~~~~~~~~~~~~^^^^^^^^^^^^^^^^^^^^^^^^^^^^^^^^^^^^^^^^^^^^^^^^^^^
  File "/home/mrazim/Projects/DRF/env/lib64/python3.13/site-packages/django/dispatch/dispatcher.py", line 189, in send
    response = receiver(signal=self, sender=sender, **named)
  File "/home/mrazim/Projects/DRF/env/lib64/python3.13/site-packages/django/contrib/auth/models.py", line 24, in update_last_login
    user.save(update_fields=["last_login"])
    ~~~~~~~~~^^^^^^^^^^^^^^^^^^^^^^^^^^^^^^
  File "/home/mrazim/Projects/DRF/env/lib64/python3.13/site-packages/django/contrib/auth/base_user.py", line 65, in save
    super().save(*args, **kwargs)
    ~~~~~~~~~~~~^^^^^^^^^^^^^^^^^
  File "/home/mrazim/Projects/DRF/env/lib64/python3.13/site-packages/django/db/models/base.py", line 902, in save
    self.save_base(
    ~~~~~~~~~~~~~~^
        using=using,
        ^^^^^^^^^^^^
    ...<2 lines>...
        update_fields=update_fields,
        ^^^^^^^^^^^^^^^^^^^^^^^^^^^^
    )
    ^
  File "/home/mrazim/Projects/DRF/env/lib64/python3.13/site-packages/django/db/models/base.py", line 988, in save_base
    pre_save.send(
    ~~~~~~~~~~~~~^
        sender=origin,
        ^^^^^^^^^^^^^^
    ...<3 lines>...
        update_fields=update_fields,
        ^^^^^^^^^^^^^^^^^^^^^^^^^^^^
    )
    ^
  File "/home/mrazim/Projects/DRF/env/lib64/python3.13/site-packages/django/dispatch/dispatcher.py", line 189, in send
    response = receiver(signal=self, sender=sender, **named)
  File "/home/mrazim/Projects/DRF/env/lib64/python3.13/site-packages/auditlog/receivers.py", line 28, in wrapper
    signal_handler(*args, **kwargs)
    ~~~~~~~~~~~~~~^^^^^^^^^^^^^^^^^
  File "/home/mrazim/Projects/DRF/env/lib64/python3.13/site-packages/auditlog/receivers.py", line 61, in log_update
    _create_log_entry(
    ~~~~~~~~~~~~~~~~~^
        action=get_logentry_model().Action.UPDATE,
        ^^^^^^^^^^^^^^^^^^^^^^^^^^^^^^^^^^^^^^^^^^
    ...<5 lines>...
        use_json_for_changes=settings.AUDITLOG_STORE_JSON_CHANGES,
        ^^^^^^^^^^^^^^^^^^^^^^^^^^^^^^^^^^^^^^^^^^^^^^^^^^^^^^^^^^
    )
    ^
  File "/home/mrazim/Projects/DRF/env/lib64/python3.13/site-packages/auditlog/receivers.py", line 163, in _create_log_entry
    raise error
  File "/home/mrazim/Projects/DRF/env/lib64/python3.13/site-packages/auditlog/receivers.py", line 140, in _create_log_entry
    log_entry = LogEntry.objects.log_create(
        instance,
    ...<2 lines>...
        force_log=force_log,
    )
  File "/home/mrazim/Projects/DRF/env/lib64/python3.13/site-packages/auditlog/models.py", line 79, in log_create
    return self.create(**kwargs)
           ~~~~~~~~~~~^^^^^^^^^^
  File "/home/mrazim/Projects/DRF/env/lib64/python3.13/site-packages/django/db/models/manager.py", line 87, in manager_method
    return getattr(self.get_queryset(), name)(*args, **kwargs)
           ~~~~~~~~~~~~~~~~~~~~~~~~~~~~~~~~~~^^^^^^^^^^^^^^^^^
  File "/home/mrazim/Projects/DRF/env/lib64/python3.13/site-packages/django/db/models/query.py", line 663, in create
    obj.save(force_insert=True, using=self.db)
    ~~~~~~~~^^^^^^^^^^^^^^^^^^^^^^^^^^^^^^^^^^
  File "/home/mrazim/Projects/DRF/env/lib64/python3.13/site-packages/django/db/models/base.py", line 902, in save
    self.save_base(
    ~~~~~~~~~~~~~~^
        using=using,
        ^^^^^^^^^^^^
    ...<2 lines>...
        update_fields=update_fields,
        ^^^^^^^^^^^^^^^^^^^^^^^^^^^^
    )
    ^
  File "/home/mrazim/Projects/DRF/env/lib64/python3.13/site-packages/django/db/models/base.py", line 1008, in save_base
    updated = self._save_table(
        raw,
    ...<4 lines>...
        update_fields,
    )
  File "/home/mrazim/Projects/DRF/env/lib64/python3.13/site-packages/django/db/models/base.py", line 1169, in _save_table
    results = self._do_insert(
        cls._base_manager, using, fields, returning_fields, raw
    )
  File "/home/mrazim/Projects/DRF/env/lib64/python3.13/site-packages/django/db/models/base.py", line 1210, in _do_insert
    return manager._insert(
           ~~~~~~~~~~~~~~~^
        [self],
        ^^^^^^^
    ...<3 lines>...
        raw=raw,
        ^^^^^^^^
    )
    ^
  File "/home/mrazim/Projects/DRF/env/lib64/python3.13/site-packages/django/db/models/manager.py", line 87, in manager_method
    return getattr(self.get_queryset(), name)(*args, **kwargs)
           ~~~~~~~~~~~~~~~~~~~~~~~~~~~~~~~~~~^^^^^^^^^^^^^^^^^
  File "/home/mrazim/Projects/DRF/env/lib64/python3.13/site-packages/django/db/models/query.py", line 1854, in _insert
    return query.get_compiler(using=using).execute_sql(returning_fields)
           ~~~~~~~~~~~~~~~~~~~~~~~~~~~~~~~~~~~~~~~~~~~^^^^^^^^^^^^^^^^^^
  File "/home/mrazim/Projects/DRF/env/lib64/python3.13/site-packages/django/db/models/sql/compiler.py", line 1881, in execute_sql
    cursor.execute(sql, params)
    ~~~~~~~~~~~~~~^^^^^^^^^^^^^
  File "/home/mrazim/Projects/DRF/env/lib64/python3.13/site-packages/django/db/backends/utils.py", line 122, in execute
    return super().execute(sql, params)
           ~~~~~~~~~~~~~~~^^^^^^^^^^^^^
  File "/home/mrazim/Projects/DRF/env/lib64/python3.13/site-packages/django/db/backends/utils.py", line 79, in execute
    return self._execute_with_wrappers(
           ~~~~~~~~~~~~~~~~~~~~~~~~~~~^
        sql, params, many=False, executor=self._execute
        ^^^^^^^^^^^^^^^^^^^^^^^^^^^^^^^^^^^^^^^^^^^^^^^
    )
    ^
  File "/home/mrazim/Projects/DRF/env/lib64/python3.13/site-packages/django/db/backends/utils.py", line 92, in _execute_with_wrappers
    return executor(sql, params, many, context)
  File "/home/mrazim/Projects/DRF/env/lib64/python3.13/site-packages/django/db/backends/utils.py", line 100, in _execute
    with self.db.wrap_database_errors:
         ^^^^^^^^^^^^^^^^^^^^^^^^^^^^
  File "/home/mrazim/Projects/DRF/env/lib64/python3.13/site-packages/django/db/utils.py", line 91, in __exit__
    raise dj_exc_value.with_traceback(traceback) from exc_value
  File "/home/mrazim/Projects/DRF/env/lib64/python3.13/site-packages/django/db/backends/utils.py", line 105, in _execute
    return self.cursor.execute(sql, params)
           ~~~~~~~~~~~~~~~~~~~^^^^^^^^^^^^^
django.db.utils.ProgrammingError: relation "auditlog_logentry" does not exist
LINE 1: INSERT INTO "auditlog_logentry" ("content_type_id", "object_...
                    ^

ERROR | 2026-04-05 12:52:44,852 | django.server | basehttp:213 | "POST /authentication/login/ HTTP/1.1" 500 31234
ERROR | 2026-04-05 13:02:35,970 | django.request | log:248 | Internal Server Error: /authentication/login/
Traceback (most recent call last):
  File "/home/mrazim/Projects/DRF/env/lib64/python3.13/site-packages/django/db/backends/utils.py", line 105, in _execute
    return self.cursor.execute(sql, params)
           ~~~~~~~~~~~~~~~~~~~^^^^^^^^^^^^^
psycopg2.errors.UndefinedTable: relation "auditlog_logentry" does not exist
LINE 1: INSERT INTO "auditlog_logentry" ("content_type_id", "object_...
                    ^


The above exception was the direct cause of the following exception:

Traceback (most recent call last):
  File "/home/mrazim/Projects/DRF/env/lib64/python3.13/site-packages/django/core/handlers/exception.py", line 55, in inner
    response = get_response(request)
  File "/home/mrazim/Projects/DRF/env/lib64/python3.13/site-packages/django/core/handlers/base.py", line 197, in _get_response
    response = wrapped_callback(request, *callback_args, **callback_kwargs)
  File "/home/mrazim/Projects/DRF/env/lib64/python3.13/site-packages/django/views/decorators/csrf.py", line 65, in _view_wrapper
    return view_func(request, *args, **kwargs)
  File "/home/mrazim/Projects/DRF/env/lib64/python3.13/site-packages/django/views/generic/base.py", line 104, in view
    return self.dispatch(request, *args, **kwargs)
           ~~~~~~~~~~~~~^^^^^^^^^^^^^^^^^^^^^^^^^^
  File "/home/mrazim/Projects/DRF/env/lib64/python3.13/site-packages/django/utils/decorators.py", line 48, in _wrapper
    return bound_method(*args, **kwargs)
  File "/home/mrazim/Projects/DRF/env/lib64/python3.13/site-packages/django/views/decorators/debug.py", line 143, in sensitive_post_parameters_wrapper
    return view(request, *args, **kwargs)
  File "/home/mrazim/Projects/DRF/env/lib64/python3.13/site-packages/dj_rest_auth/views.py", line 48, in dispatch
    return super().dispatch(*args, **kwargs)
           ~~~~~~~~~~~~~~~~^^^^^^^^^^^^^^^^^
  File "/home/mrazim/Projects/DRF/env/lib64/python3.13/site-packages/rest_framework/views.py", line 515, in dispatch
    response = self.handle_exception(exc)
  File "/home/mrazim/Projects/DRF/env/lib64/python3.13/site-packages/rest_framework/views.py", line 475, in handle_exception
    self.raise_uncaught_exception(exc)
    ~~~~~~~~~~~~~~~~~~~~~~~~~~~~~^^^^^
  File "/home/mrazim/Projects/DRF/env/lib64/python3.13/site-packages/rest_framework/views.py", line 486, in raise_uncaught_exception
    raise exc
  File "/home/mrazim/Projects/DRF/env/lib64/python3.13/site-packages/rest_framework/views.py", line 512, in dispatch
    response = handler(request, *args, **kwargs)
  File "/home/mrazim/Projects/DRF/env/lib64/python3.13/site-packages/dj_rest_auth/views.py", line 127, in post
    self.login()
    ~~~~~~~~~~^^
  File "/home/mrazim/Projects/DRF/env/lib64/python3.13/site-packages/dj_rest_auth/views.py", line 75, in login
    self.process_login()
    ~~~~~~~~~~~~~~~~~~^^
  File "/home/mrazim/Projects/DRF/env/lib64/python3.13/site-packages/dj_rest_auth/views.py", line 51, in process_login
    django_login(self.request, self.user)
    ~~~~~~~~~~~~^^^^^^^^^^^^^^^^^^^^^^^^^
  File "/home/mrazim/Projects/DRF/env/lib64/python3.13/site-packages/django/contrib/auth/__init__.py", line 197, in login
    user_logged_in.send(sender=user.__class__, request=request, user=user)
    ~~~~~~~~~~~~~~~~~~~^^^^^^^^^^^^^^^^^^^^^^^^^^^^^^^^^^^^^^^^^^^^^^^^^^^
  File "/home/mrazim/Projects/DRF/env/lib64/python3.13/site-packages/django/dispatch/dispatcher.py", line 189, in send
    response = receiver(signal=self, sender=sender, **named)
  File "/home/mrazim/Projects/DRF/env/lib64/python3.13/site-packages/django/contrib/auth/models.py", line 24, in update_last_login
    user.save(update_fields=["last_login"])
    ~~~~~~~~~^^^^^^^^^^^^^^^^^^^^^^^^^^^^^^
  File "/home/mrazim/Projects/DRF/env/lib64/python3.13/site-packages/django/contrib/auth/base_user.py", line 65, in save
    super().save(*args, **kwargs)
    ~~~~~~~~~~~~^^^^^^^^^^^^^^^^^
  File "/home/mrazim/Projects/DRF/env/lib64/python3.13/site-packages/django/db/models/base.py", line 902, in save
    self.save_base(
    ~~~~~~~~~~~~~~^
        using=using,
        ^^^^^^^^^^^^
    ...<2 lines>...
        update_fields=update_fields,
        ^^^^^^^^^^^^^^^^^^^^^^^^^^^^
    )
    ^
  File "/home/mrazim/Projects/DRF/env/lib64/python3.13/site-packages/django/db/models/base.py", line 988, in save_base
    pre_save.send(
    ~~~~~~~~~~~~~^
        sender=origin,
        ^^^^^^^^^^^^^^
    ...<3 lines>...
        update_fields=update_fields,
        ^^^^^^^^^^^^^^^^^^^^^^^^^^^^
    )
    ^
  File "/home/mrazim/Projects/DRF/env/lib64/python3.13/site-packages/django/dispatch/dispatcher.py", line 189, in send
    response = receiver(signal=self, sender=sender, **named)
  File "/home/mrazim/Projects/DRF/env/lib64/python3.13/site-packages/auditlog/receivers.py", line 28, in wrapper
    signal_handler(*args, **kwargs)
    ~~~~~~~~~~~~~~^^^^^^^^^^^^^^^^^
  File "/home/mrazim/Projects/DRF/env/lib64/python3.13/site-packages/auditlog/receivers.py", line 61, in log_update
    _create_log_entry(
    ~~~~~~~~~~~~~~~~~^
        action=get_logentry_model().Action.UPDATE,
        ^^^^^^^^^^^^^^^^^^^^^^^^^^^^^^^^^^^^^^^^^^
    ...<5 lines>...
        use_json_for_changes=settings.AUDITLOG_STORE_JSON_CHANGES,
        ^^^^^^^^^^^^^^^^^^^^^^^^^^^^^^^^^^^^^^^^^^^^^^^^^^^^^^^^^^
    )
    ^
  File "/home/mrazim/Projects/DRF/env/lib64/python3.13/site-packages/auditlog/receivers.py", line 163, in _create_log_entry
    raise error
  File "/home/mrazim/Projects/DRF/env/lib64/python3.13/site-packages/auditlog/receivers.py", line 140, in _create_log_entry
    log_entry = LogEntry.objects.log_create(
        instance,
    ...<2 lines>...
        force_log=force_log,
    )
  File "/home/mrazim/Projects/DRF/env/lib64/python3.13/site-packages/auditlog/models.py", line 79, in log_create
    return self.create(**kwargs)
           ~~~~~~~~~~~^^^^^^^^^^
  File "/home/mrazim/Projects/DRF/env/lib64/python3.13/site-packages/django/db/models/manager.py", line 87, in manager_method
    return getattr(self.get_queryset(), name)(*args, **kwargs)
           ~~~~~~~~~~~~~~~~~~~~~~~~~~~~~~~~~~^^^^^^^^^^^^^^^^^
  File "/home/mrazim/Projects/DRF/env/lib64/python3.13/site-packages/django/db/models/query.py", line 663, in create
    obj.save(force_insert=True, using=self.db)
    ~~~~~~~~^^^^^^^^^^^^^^^^^^^^^^^^^^^^^^^^^^
  File "/home/mrazim/Projects/DRF/env/lib64/python3.13/site-packages/django/db/models/base.py", line 902, in save
    self.save_base(
    ~~~~~~~~~~~~~~^
        using=using,
        ^^^^^^^^^^^^
    ...<2 lines>...
        update_fields=update_fields,
        ^^^^^^^^^^^^^^^^^^^^^^^^^^^^
    )
    ^
  File "/home/mrazim/Projects/DRF/env/lib64/python3.13/site-packages/django/db/models/base.py", line 1008, in save_base
    updated = self._save_table(
        raw,
    ...<4 lines>...
        update_fields,
    )
  File "/home/mrazim/Projects/DRF/env/lib64/python3.13/site-packages/django/db/models/base.py", line 1169, in _save_table
    results = self._do_insert(
        cls._base_manager, using, fields, returning_fields, raw
    )
  File "/home/mrazim/Projects/DRF/env/lib64/python3.13/site-packages/django/db/models/base.py", line 1210, in _do_insert
    return manager._insert(
           ~~~~~~~~~~~~~~~^
        [self],
        ^^^^^^^
    ...<3 lines>...
        raw=raw,
        ^^^^^^^^
    )
    ^
  File "/home/mrazim/Projects/DRF/env/lib64/python3.13/site-packages/django/db/models/manager.py", line 87, in manager_method
    return getattr(self.get_queryset(), name)(*args, **kwargs)
           ~~~~~~~~~~~~~~~~~~~~~~~~~~~~~~~~~~^^^^^^^^^^^^^^^^^
  File "/home/mrazim/Projects/DRF/env/lib64/python3.13/site-packages/django/db/models/query.py", line 1854, in _insert
    return query.get_compiler(using=using).execute_sql(returning_fields)
           ~~~~~~~~~~~~~~~~~~~~~~~~~~~~~~~~~~~~~~~~~~~^^^^^^^^^^^^^^^^^^
  File "/home/mrazim/Projects/DRF/env/lib64/python3.13/site-packages/django/db/models/sql/compiler.py", line 1881, in execute_sql
    cursor.execute(sql, params)
    ~~~~~~~~~~~~~~^^^^^^^^^^^^^
  File "/home/mrazim/Projects/DRF/env/lib64/python3.13/site-packages/django/db/backends/utils.py", line 122, in execute
    return super().execute(sql, params)
           ~~~~~~~~~~~~~~~^^^^^^^^^^^^^
  File "/home/mrazim/Projects/DRF/env/lib64/python3.13/site-packages/django/db/backends/utils.py", line 79, in execute
    return self._execute_with_wrappers(
           ~~~~~~~~~~~~~~~~~~~~~~~~~~~^
        sql, params, many=False, executor=self._execute
        ^^^^^^^^^^^^^^^^^^^^^^^^^^^^^^^^^^^^^^^^^^^^^^^
    )
    ^
  File "/home/mrazim/Projects/DRF/env/lib64/python3.13/site-packages/django/db/backends/utils.py", line 92, in _execute_with_wrappers
    return executor(sql, params, many, context)
  File "/home/mrazim/Projects/DRF/env/lib64/python3.13/site-packages/django/db/backends/utils.py", line 100, in _execute
    with self.db.wrap_database_errors:
         ^^^^^^^^^^^^^^^^^^^^^^^^^^^^
  File "/home/mrazim/Projects/DRF/env/lib64/python3.13/site-packages/django/db/utils.py", line 91, in __exit__
    raise dj_exc_value.with_traceback(traceback) from exc_value
  File "/home/mrazim/Projects/DRF/env/lib64/python3.13/site-packages/django/db/backends/utils.py", line 105, in _execute
    return self.cursor.execute(sql, params)
           ~~~~~~~~~~~~~~~~~~~^^^^^^^^^^^^^
django.db.utils.ProgrammingError: relation "auditlog_logentry" does not exist
LINE 1: INSERT INTO "auditlog_logentry" ("content_type_id", "object_...
                    ^

ERROR | 2026-04-05 13:02:35,981 | django.server | basehttp:213 | "POST /authentication/login/ HTTP/1.1" 500 31246
ERROR | 2026-05-19 02:05:57,111 | django.request | log:248 | Internal Server Error: /api/schema/
Traceback (most recent call last):
  File "/home/mrazim/Projects/DRF/env/lib64/python3.13/site-packages/django/core/handlers/exception.py", line 55, in inner
    response = get_response(request)
  File "/home/mrazim/Projects/DRF/env/lib64/python3.13/site-packages/django/core/handlers/base.py", line 197, in _get_response
    response = wrapped_callback(request, *callback_args, **callback_kwargs)
  File "/home/mrazim/Projects/DRF/env/lib64/python3.13/site-packages/django/views/decorators/csrf.py", line 65, in _view_wrapper
    return view_func(request, *args, **kwargs)
  File "/home/mrazim/Projects/DRF/env/lib64/python3.13/site-packages/django/views/generic/base.py", line 104, in view
    return self.dispatch(request, *args, **kwargs)
           ~~~~~~~~~~~~~^^^^^^^^^^^^^^^^^^^^^^^^^^
  File "/home/mrazim/Projects/DRF/env/lib64/python3.13/site-packages/rest_framework/views.py", line 515, in dispatch
    response = self.handle_exception(exc)
  File "/home/mrazim/Projects/DRF/env/lib64/python3.13/site-packages/rest_framework/views.py", line 475, in handle_exception
    self.raise_uncaught_exception(exc)
    ~~~~~~~~~~~~~~~~~~~~~~~~~~~~~^^^^^
  File "/home/mrazim/Projects/DRF/env/lib64/python3.13/site-packages/rest_framework/views.py", line 486, in raise_uncaught_exception
    raise exc
  File "/home/mrazim/Projects/DRF/env/lib64/python3.13/site-packages/rest_framework/views.py", line 512, in dispatch
    response = handler(request, *args, **kwargs)
  File "/home/mrazim/Projects/DRF/env/lib64/python3.13/site-packages/drf_spectacular/views.py", line 84, in get
    return self._get_schema_response(request)
           ~~~~~~~~~~~~~~~~~~~~~~~~~^^^^^^^^^
  File "/home/mrazim/Projects/DRF/env/lib64/python3.13/site-packages/drf_spectacular/views.py", line 92, in _get_schema_response
    data=generator.get_schema(request=request, public=self.serve_public),
         ~~~~~~~~~~~~~~~~~~~~^^^^^^^^^^^^^^^^^^^^^^^^^^^^^^^^^^^^^^^^^^^
  File "/home/mrazim/Projects/DRF/env/lib64/python3.13/site-packages/drf_spectacular/generators.py", line 287, in get_schema
    paths=self.parse(request, public),
          ~~~~~~~~~~^^^^^^^^^^^^^^^^^
  File "/home/mrazim/Projects/DRF/env/lib64/python3.13/site-packages/drf_spectacular/generators.py", line 258, in parse
    operation = view.schema.get_operation(
        path, path_regex, path_prefix, method, self.registry
    )
  File "/home/mrazim/Projects/DRF/env/lib64/python3.13/site-packages/drf_spectacular/openapi.py", line 101, in get_operation
    request_body = self._get_request_body()
  File "/home/mrazim/Projects/DRF/env/lib64/python3.13/site-packages/drf_spectacular/openapi.py", line 1331, in _get_request_body
    schema, partial_request_body_required = self._get_request_for_media_type(serializer, direction)
                                            ~~~~~~~~~~~~~~~~~~~~~~~~~~~~~~~~^^^^^^^^^^^^^^^^^^^^^^^
  File "/home/mrazim/Projects/DRF/env/lib64/python3.13/site-packages/drf_spectacular/openapi.py", line 1363, in _get_request_for_media_type
    component = self.resolve_serializer(serializer, direction)
  File "/home/mrazim/Projects/DRF/env/lib64/python3.13/site-packages/drf_spectacular/openapi.py", line 1658, in resolve_serializer
    component.schema = self._map_serializer(serializer, direction, bypass_extensions)
                       ~~~~~~~~~~~~~~~~~~~~^^^^^^^^^^^^^^^^^^^^^^^^^^^^^^^^^^^^^^^^^^
  File "/home/mrazim/Projects/DRF/env/lib64/python3.13/site-packages/drf_spectacular/openapi.py", line 959, in _map_serializer
    schema = self._map_basic_serializer(serializer, direction)
  File "/home/mrazim/Projects/DRF/env/lib64/python3.13/site-packages/drf_spectacular/openapi.py", line 1058, in _map_basic_serializer
    schema = self._map_serializer_field(field, direction)
  File "/home/mrazim/Projects/DRF/env/lib64/python3.13/site-packages/drf_spectacular/openapi.py", line 685, in _map_serializer_field
    component = self.resolve_serializer(field, direction)
  File "/home/mrazim/Projects/DRF/env/lib64/python3.13/site-packages/drf_spectacular/openapi.py", line 1658, in resolve_serializer
    component.schema = self._map_serializer(serializer, direction, bypass_extensions)
                       ~~~~~~~~~~~~~~~~~~~~^^^^^^^^^^^^^^^^^^^^^^^^^^^^^^^^^^^^^^^^^^
  File "/home/mrazim/Projects/DRF/env/lib64/python3.13/site-packages/drf_spectacular/openapi.py", line 959, in _map_serializer
    schema = self._map_basic_serializer(serializer, direction)
  File "/home/mrazim/Projects/DRF/env/lib64/python3.13/site-packages/drf_spectacular/openapi.py", line 1052, in _map_basic_serializer
    for field in serializer.fields.values():
                 ^^^^^^^^^^^^^^^^^
  File "/home/mrazim/Projects/DRF/env/lib64/python3.13/site-packages/django/utils/functional.py", line 47, in __get__
    res = instance.__dict__[self.name] = self.func(instance)
                                         ~~~~~~~~~^^^^^^^^^^
  File "/home/mrazim/Projects/DRF/env/lib64/python3.13/site-packages/rest_framework/serializers.py", line 374, in fields
    for key, value in self.get_fields().items():
                      ~~~~~~~~~~~~~~~^^
  File "/home/mrazim/Projects/DRF/env/lib64/python3.13/site-packages/rest_framework/serializers.py", line 1081, in get_fields
    field_names = self.get_field_names(declared_fields, info)
  File "/home/mrazim/Projects/DRF/env/lib64/python3.13/site-packages/rest_framework/serializers.py", line 1177, in get_field_names
    assert field_name in fields, (
           ^^^^^^^^^^^^^^^^^^^^
AssertionError: The field 'owner_status' was declared on serializer CompanySettingsSerializer, but has not been included in the 'fields' option.
ERROR | 2026-05-19 02:05:57,118 | django.server | basehttp:213 | "GET /api/schema/ HTTP/1.1" 500 214466
ERROR | 2026-05-19 02:05:57,390 | django.request | log:248 | Internal Server Error: /api/schema/
Traceback (most recent call last):
  File "/home/mrazim/Projects/DRF/env/lib64/python3.13/site-packages/django/core/handlers/exception.py", line 55, in inner
    response = get_response(request)
  File "/home/mrazim/Projects/DRF/env/lib64/python3.13/site-packages/django/core/handlers/base.py", line 197, in _get_response
    response = wrapped_callback(request, *callback_args, **callback_kwargs)
  File "/home/mrazim/Projects/DRF/env/lib64/python3.13/site-packages/django/views/decorators/csrf.py", line 65, in _view_wrapper
    return view_func(request, *args, **kwargs)
  File "/home/mrazim/Projects/DRF/env/lib64/python3.13/site-packages/django/views/generic/base.py", line 104, in view
    return self.dispatch(request, *args, **kwargs)
           ~~~~~~~~~~~~~^^^^^^^^^^^^^^^^^^^^^^^^^^
  File "/home/mrazim/Projects/DRF/env/lib64/python3.13/site-packages/rest_framework/views.py", line 515, in dispatch
    response = self.handle_exception(exc)
  File "/home/mrazim/Projects/DRF/env/lib64/python3.13/site-packages/rest_framework/views.py", line 475, in handle_exception
    self.raise_uncaught_exception(exc)
    ~~~~~~~~~~~~~~~~~~~~~~~~~~~~~^^^^^
  File "/home/mrazim/Projects/DRF/env/lib64/python3.13/site-packages/rest_framework/views.py", line 486, in raise_uncaught_exception
    raise exc
  File "/home/mrazim/Projects/DRF/env/lib64/python3.13/site-packages/rest_framework/views.py", line 512, in dispatch
    response = handler(request, *args, **kwargs)
  File "/home/mrazim/Projects/DRF/env/lib64/python3.13/site-packages/drf_spectacular/views.py", line 84, in get
    return self._get_schema_response(request)
           ~~~~~~~~~~~~~~~~~~~~~~~~~^^^^^^^^^
  File "/home/mrazim/Projects/DRF/env/lib64/python3.13/site-packages/drf_spectacular/views.py", line 92, in _get_schema_response
    data=generator.get_schema(request=request, public=self.serve_public),
         ~~~~~~~~~~~~~~~~~~~~^^^^^^^^^^^^^^^^^^^^^^^^^^^^^^^^^^^^^^^^^^^
  File "/home/mrazim/Projects/DRF/env/lib64/python3.13/site-packages/drf_spectacular/generators.py", line 287, in get_schema
    paths=self.parse(request, public),
          ~~~~~~~~~~^^^^^^^^^^^^^^^^^
  File "/home/mrazim/Projects/DRF/env/lib64/python3.13/site-packages/drf_spectacular/generators.py", line 258, in parse
    operation = view.schema.get_operation(
        path, path_regex, path_prefix, method, self.registry
    )
  File "/home/mrazim/Projects/DRF/env/lib64/python3.13/site-packages/drf_spectacular/openapi.py", line 101, in get_operation
    request_body = self._get_request_body()
  File "/home/mrazim/Projects/DRF/env/lib64/python3.13/site-packages/drf_spectacular/openapi.py", line 1331, in _get_request_body
    schema, partial_request_body_required = self._get_request_for_media_type(serializer, direction)
                                            ~~~~~~~~~~~~~~~~~~~~~~~~~~~~~~~~^^^^^^^^^^^^^^^^^^^^^^^
  File "/home/mrazim/Projects/DRF/env/lib64/python3.13/site-packages/drf_spectacular/openapi.py", line 1363, in _get_request_for_media_type
    component = self.resolve_serializer(serializer, direction)
  File "/home/mrazim/Projects/DRF/env/lib64/python3.13/site-packages/drf_spectacular/openapi.py", line 1658, in resolve_serializer
    component.schema = self._map_serializer(serializer, direction, bypass_extensions)
                       ~~~~~~~~~~~~~~~~~~~~^^^^^^^^^^^^^^^^^^^^^^^^^^^^^^^^^^^^^^^^^^
  File "/home/mrazim/Projects/DRF/env/lib64/python3.13/site-packages/drf_spectacular/openapi.py", line 959, in _map_serializer
    schema = self._map_basic_serializer(serializer, direction)
  File "/home/mrazim/Projects/DRF/env/lib64/python3.13/site-packages/drf_spectacular/openapi.py", line 1058, in _map_basic_serializer
    schema = self._map_serializer_field(field, direction)
  File "/home/mrazim/Projects/DRF/env/lib64/python3.13/site-packages/drf_spectacular/openapi.py", line 685, in _map_serializer_field
    component = self.resolve_serializer(field, direction)
  File "/home/mrazim/Projects/DRF/env/lib64/python3.13/site-packages/drf_spectacular/openapi.py", line 1658, in resolve_serializer
    component.schema = self._map_serializer(serializer, direction, bypass_extensions)
                       ~~~~~~~~~~~~~~~~~~~~^^^^^^^^^^^^^^^^^^^^^^^^^^^^^^^^^^^^^^^^^^
  File "/home/mrazim/Projects/DRF/env/lib64/python3.13/site-packages/drf_spectacular/openapi.py", line 959, in _map_serializer
    schema = self._map_basic_serializer(serializer, direction)
  File "/home/mrazim/Projects/DRF/env/lib64/python3.13/site-packages/drf_spectacular/openapi.py", line 1052, in _map_basic_serializer
    for field in serializer.fields.values():
                 ^^^^^^^^^^^^^^^^^
  File "/home/mrazim/Projects/DRF/env/lib64/python3.13/site-packages/django/utils/functional.py", line 47, in __get__
    res = instance.__dict__[self.name] = self.func(instance)
                                         ~~~~~~~~~^^^^^^^^^^
  File "/home/mrazim/Projects/DRF/env/lib64/python3.13/site-packages/rest_framework/serializers.py", line 374, in fields
    for key, value in self.get_fields().items():
                      ~~~~~~~~~~~~~~~^^
  File "/home/mrazim/Projects/DRF/env/lib64/python3.13/site-packages/rest_framework/serializers.py", line 1081, in get_fields
    field_names = self.get_field_names(declared_fields, info)
  File "/home/mrazim/Projects/DRF/env/lib64/python3.13/site-packages/rest_framework/serializers.py", line 1177, in get_field_names
    assert field_name in fields, (
           ^^^^^^^^^^^^^^^^^^^^
AssertionError: The field 'owner_status' was declared on serializer CompanySettingsSerializer, but has not been included in the 'fields' option.
ERROR | 2026-05-19 02:05:57,395 | django.server | basehttp:213 | "GET /api/schema/ HTTP/1.1" 500 214466
ERROR | 2026-05-26 01:50:44,666 | django.request | log:248 | Internal Server Error: /authentication/login/
Traceback (most recent call last):
  File "/home/mrazim/Projects/DRF/env/lib64/python3.13/site-packages/django/core/handlers/exception.py", line 55, in inner
    response = get_response(request)
  File "/home/mrazim/Projects/DRF/env/lib64/python3.13/site-packages/django/core/handlers/base.py", line 197, in _get_response
    response = wrapped_callback(request, *callback_args, **callback_kwargs)
  File "/home/mrazim/Projects/DRF/env/lib64/python3.13/site-packages/django/views/decorators/csrf.py", line 65, in _view_wrapper
    return view_func(request, *args, **kwargs)
  File "/home/mrazim/Projects/DRF/env/lib64/python3.13/site-packages/django/views/generic/base.py", line 104, in view
    return self.dispatch(request, *args, **kwargs)
           ~~~~~~~~~~~~~^^^^^^^^^^^^^^^^^^^^^^^^^^
  File "/home/mrazim/Projects/DRF/env/lib64/python3.13/site-packages/rest_framework/views.py", line 515, in dispatch
    response = self.handle_exception(exc)
  File "/home/mrazim/Projects/DRF/env/lib64/python3.13/site-packages/rest_framework/views.py", line 475, in handle_exception
    self.raise_uncaught_exception(exc)
    ~~~~~~~~~~~~~~~~~~~~~~~~~~~~~^^^^^
  File "/home/mrazim/Projects/DRF/env/lib64/python3.13/site-packages/rest_framework/views.py", line 486, in raise_uncaught_exception
    raise exc
  File "/home/mrazim/Projects/DRF/env/lib64/python3.13/site-packages/rest_framework/views.py", line 503, in dispatch
    self.initial(request, *args, **kwargs)
    ~~~~~~~~~~~~^^^^^^^^^^^^^^^^^^^^^^^^^^
  File "/home/mrazim/Projects/DRF/env/lib64/python3.13/site-packages/rest_framework/views.py", line 421, in initial
    self.check_permissions(request)
    ~~~~~~~~~~~~~~~~~~~~~~^^^^^^^^^
  File "/home/mrazim/Projects/DRF/env/lib64/python3.13/site-packages/rest_framework/views.py", line 338, in check_permissions
    if not permission.has_permission(request, self):
           ~~~~~~~~~~~~~~~~~~~~~~~~~^^^^^^^^^^^^^^^
  File "/home/mrazim/Projects/DRF/env/lib64/python3.13/site-packages/rest_framework/permissions.py", line 243, in has_permission
    queryset = self._queryset(view)
  File "/home/mrazim/Projects/DRF/env/lib64/python3.13/site-packages/rest_framework/permissions.py", line 219, in _queryset
    assert hasattr(view, 'get_queryset') \
           ^^^^^^^^^^^^^^^^^^^^^^^^^^^^^^^
        or getattr(view, 'queryset', None) is not None, (
        ^^^^^^^^^^^^^^^^^^^^^^^^^^^^^^^^^^^^^^^^^^^^^^
AssertionError: Cannot apply DjangoModelPermissionsOrAnonReadOnly on a view that does not set `.queryset` or have a `.get_queryset()` method.
ERROR | 2026-05-26 01:50:44,672 | django.server | basehttp:213 | "POST /authentication/login/ HTTP/1.1" 500 120419
ERROR | 2026-06-16 07:13:52,566 | django.request | log:248 | Internal Server Error: /api/schema/
Traceback (most recent call last):
  File "/home/mrazim/Projects/DRF/env/lib64/python3.13/site-packages/django/core/handlers/exception.py", line 55, in inner
    response = get_response(request)
  File "/home/mrazim/Projects/DRF/env/lib64/python3.13/site-packages/django/core/handlers/base.py", line 197, in _get_response
    response = wrapped_callback(request, *callback_args, **callback_kwargs)
  File "/home/mrazim/Projects/DRF/env/lib64/python3.13/site-packages/django/views/decorators/csrf.py", line 65, in _view_wrapper
    return view_func(request, *args, **kwargs)
  File "/home/mrazim/Projects/DRF/env/lib64/python3.13/site-packages/django/views/generic/base.py", line 104, in view
    return self.dispatch(request, *args, **kwargs)
           ~~~~~~~~~~~~~^^^^^^^^^^^^^^^^^^^^^^^^^^
  File "/home/mrazim/Projects/DRF/env/lib64/python3.13/site-packages/rest_framework/views.py", line 515, in dispatch
    response = self.handle_exception(exc)
  File "/home/mrazim/Projects/DRF/env/lib64/python3.13/site-packages/rest_framework/views.py", line 475, in handle_exception
    self.raise_uncaught_exception(exc)
    ~~~~~~~~~~~~~~~~~~~~~~~~~~~~~^^^^^
  File "/home/mrazim/Projects/DRF/env/lib64/python3.13/site-packages/rest_framework/views.py", line 486, in raise_uncaught_exception
    raise exc
  File "/home/mrazim/Projects/DRF/env/lib64/python3.13/site-packages/rest_framework/views.py", line 512, in dispatch
    response = handler(request, *args, **kwargs)
  File "/home/mrazim/Projects/DRF/env/lib64/python3.13/site-packages/drf_spectacular/views.py", line 84, in get
    return self._get_schema_response(request)
           ~~~~~~~~~~~~~~~~~~~~~~~~~^^^^^^^^^
  File "/home/mrazim/Projects/DRF/env/lib64/python3.13/site-packages/drf_spectacular/views.py", line 92, in _get_schema_response
    data=generator.get_schema(request=request, public=self.serve_public),
         ~~~~~~~~~~~~~~~~~~~~^^^^^^^^^^^^^^^^^^^^^^^^^^^^^^^^^^^^^^^^^^^
  File "/home/mrazim/Projects/DRF/env/lib64/python3.13/site-packages/drf_spectacular/generators.py", line 287, in get_schema
    paths=self.parse(request, public),
          ~~~~~~~~~~^^^^^^^^^^^^^^^^^
  File "/home/mrazim/Projects/DRF/env/lib64/python3.13/site-packages/drf_spectacular/generators.py", line 258, in parse
    operation = view.schema.get_operation(
        path, path_regex, path_prefix, method, self.registry
    )
  File "/home/mrazim/Projects/DRF/env/lib64/python3.13/site-packages/drf_spectacular/openapi.py", line 113, in get_operation
    operation['responses'] = self._get_response_bodies()
                             ~~~~~~~~~~~~~~~~~~~~~~~~~^^
  File "/home/mrazim/Projects/DRF/env/lib64/python3.13/site-packages/drf_spectacular/openapi.py", line 1407, in _get_response_bodies
    return {'200': self._get_response_for_code(response_serializers, '200', direction=direction)}
                   ~~~~~~~~~~~~~~~~~~~~~~~~~~~^^^^^^^^^^^^^^^^^^^^^^^^^^^^^^^^^^^^^^^^^^^^^^^^^^
  File "/home/mrazim/Projects/DRF/env/lib64/python3.13/site-packages/drf_spectacular/openapi.py", line 1463, in _get_response_for_code
    component = self.resolve_serializer(serializer, direction)
  File "/home/mrazim/Projects/DRF/env/lib64/python3.13/site-packages/drf_spectacular/openapi.py", line 1658, in resolve_serializer
    component.schema = self._map_serializer(serializer, direction, bypass_extensions)
                       ~~~~~~~~~~~~~~~~~~~~^^^^^^^^^^^^^^^^^^^^^^^^^^^^^^^^^^^^^^^^^^
  File "/home/mrazim/Projects/DRF/env/lib64/python3.13/site-packages/drf_spectacular/openapi.py", line 959, in _map_serializer
    schema = self._map_basic_serializer(serializer, direction)
  File "/home/mrazim/Projects/DRF/env/lib64/python3.13/site-packages/drf_spectacular/openapi.py", line 1052, in _map_basic_serializer
    for field in serializer.fields.values():
                 ^^^^^^^^^^^^^^^^^
  File "/home/mrazim/Projects/DRF/env/lib64/python3.13/site-packages/django/utils/functional.py", line 47, in __get__
    res = instance.__dict__[self.name] = self.func(instance)
                                         ~~~~~~~~~^^^^^^^^^^
  File "/home/mrazim/Projects/DRF/env/lib64/python3.13/site-packages/rest_framework/serializers.py", line 374, in fields
    for key, value in self.get_fields().items():
                      ~~~~~~~~~~~~~~~^^
  File "/home/mrazim/Projects/DRF/env/lib64/python3.13/site-packages/rest_framework/serializers.py", line 1105, in get_fields
    field_class, field_kwargs = self.build_field(
                                ~~~~~~~~~~~~~~~~^
        source, info, model, depth
        ^^^^^^^^^^^^^^^^^^^^^^^^^^
    )
    ^
  File "/home/mrazim/Projects/DRF/env/lib64/python3.13/site-packages/rest_framework/serializers.py", line 1251, in build_field
    return self.build_unknown_field(field_name, model_class)
           ~~~~~~~~~~~~~~~~~~~~~~~~^^^^^^^^^^^^^^^^^^^^^^^^^
  File "/home/mrazim/Projects/DRF/env/lib64/python3.13/site-packages/rest_framework/serializers.py", line 1369, in build_unknown_field
    raise ImproperlyConfigured(
    ...<2 lines>...
    )
django.core.exceptions.ImproperlyConfigured: Field name `plan` is not valid for model `MembershipPlan` in `fitness.serializers.minimalserializers.MinimalMembershipPlanSerializer`.
ERROR | 2026-06-16 07:13:52,584 | django.server | basehttp:213 | "GET /api/schema/ HTTP/1.1" 500 197020
ERROR | 2026-06-16 07:13:53,004 | django.request | log:248 | Internal Server Error: /api/schema/
Traceback (most recent call last):
  File "/home/mrazim/Projects/DRF/env/lib64/python3.13/site-packages/django/core/handlers/exception.py", line 55, in inner
    response = get_response(request)
  File "/home/mrazim/Projects/DRF/env/lib64/python3.13/site-packages/django/core/handlers/base.py", line 197, in _get_response
    response = wrapped_callback(request, *callback_args, **callback_kwargs)
  File "/home/mrazim/Projects/DRF/env/lib64/python3.13/site-packages/django/views/decorators/csrf.py", line 65, in _view_wrapper
    return view_func(request, *args, **kwargs)
  File "/home/mrazim/Projects/DRF/env/lib64/python3.13/site-packages/django/views/generic/base.py", line 104, in view
    return self.dispatch(request, *args, **kwargs)
           ~~~~~~~~~~~~~^^^^^^^^^^^^^^^^^^^^^^^^^^
  File "/home/mrazim/Projects/DRF/env/lib64/python3.13/site-packages/rest_framework/views.py", line 515, in dispatch
    response = self.handle_exception(exc)
  File "/home/mrazim/Projects/DRF/env/lib64/python3.13/site-packages/rest_framework/views.py", line 475, in handle_exception
    self.raise_uncaught_exception(exc)
    ~~~~~~~~~~~~~~~~~~~~~~~~~~~~~^^^^^
  File "/home/mrazim/Projects/DRF/env/lib64/python3.13/site-packages/rest_framework/views.py", line 486, in raise_uncaught_exception
    raise exc
  File "/home/mrazim/Projects/DRF/env/lib64/python3.13/site-packages/rest_framework/views.py", line 512, in dispatch
    response = handler(request, *args, **kwargs)
  File "/home/mrazim/Projects/DRF/env/lib64/python3.13/site-packages/drf_spectacular/views.py", line 84, in get
    return self._get_schema_response(request)
           ~~~~~~~~~~~~~~~~~~~~~~~~~^^^^^^^^^
  File "/home/mrazim/Projects/DRF/env/lib64/python3.13/site-packages/drf_spectacular/views.py", line 92, in _get_schema_response
    data=generator.get_schema(request=request, public=self.serve_public),
         ~~~~~~~~~~~~~~~~~~~~^^^^^^^^^^^^^^^^^^^^^^^^^^^^^^^^^^^^^^^^^^^
  File "/home/mrazim/Projects/DRF/env/lib64/python3.13/site-packages/drf_spectacular/generators.py", line 287, in get_schema
    paths=self.parse(request, public),
          ~~~~~~~~~~^^^^^^^^^^^^^^^^^
  File "/home/mrazim/Projects/DRF/env/lib64/python3.13/site-packages/drf_spectacular/generators.py", line 258, in parse
    operation = view.schema.get_operation(
        path, path_regex, path_prefix, method, self.registry
    )
  File "/home/mrazim/Projects/DRF/env/lib64/python3.13/site-packages/drf_spectacular/openapi.py", line 113, in get_operation
    operation['responses'] = self._get_response_bodies()
                             ~~~~~~~~~~~~~~~~~~~~~~~~~^^
  File "/home/mrazim/Projects/DRF/env/lib64/python3.13/site-packages/drf_spectacular/openapi.py", line 1407, in _get_response_bodies
    return {'200': self._get_response_for_code(response_serializers, '200', direction=direction)}
                   ~~~~~~~~~~~~~~~~~~~~~~~~~~~^^^^^^^^^^^^^^^^^^^^^^^^^^^^^^^^^^^^^^^^^^^^^^^^^^
  File "/home/mrazim/Projects/DRF/env/lib64/python3.13/site-packages/drf_spectacular/openapi.py", line 1463, in _get_response_for_code
    component = self.resolve_serializer(serializer, direction)
  File "/home/mrazim/Projects/DRF/env/lib64/python3.13/site-packages/drf_spectacular/openapi.py", line 1658, in resolve_serializer
    component.schema = self._map_serializer(serializer, direction, bypass_extensions)
                       ~~~~~~~~~~~~~~~~~~~~^^^^^^^^^^^^^^^^^^^^^^^^^^^^^^^^^^^^^^^^^^
  File "/home/mrazim/Projects/DRF/env/lib64/python3.13/site-packages/drf_spectacular/openapi.py", line 959, in _map_serializer
    schema = self._map_basic_serializer(serializer, direction)
  File "/home/mrazim/Projects/DRF/env/lib64/python3.13/site-packages/drf_spectacular/openapi.py", line 1052, in _map_basic_serializer
    for field in serializer.fields.values():
                 ^^^^^^^^^^^^^^^^^
  File "/home/mrazim/Projects/DRF/env/lib64/python3.13/site-packages/django/utils/functional.py", line 47, in __get__
    res = instance.__dict__[self.name] = self.func(instance)
                                         ~~~~~~~~~^^^^^^^^^^
  File "/home/mrazim/Projects/DRF/env/lib64/python3.13/site-packages/rest_framework/serializers.py", line 374, in fields
    for key, value in self.get_fields().items():
                      ~~~~~~~~~~~~~~~^^
  File "/home/mrazim/Projects/DRF/env/lib64/python3.13/site-packages/rest_framework/serializers.py", line 1105, in get_fields
    field_class, field_kwargs = self.build_field(
                                ~~~~~~~~~~~~~~~~^
        source, info, model, depth
        ^^^^^^^^^^^^^^^^^^^^^^^^^^
    )
    ^
  File "/home/mrazim/Projects/DRF/env/lib64/python3.13/site-packages/rest_framework/serializers.py", line 1251, in build_field
    return self.build_unknown_field(field_name, model_class)
           ~~~~~~~~~~~~~~~~~~~~~~~~^^^^^^^^^^^^^^^^^^^^^^^^^
  File "/home/mrazim/Projects/DRF/env/lib64/python3.13/site-packages/rest_framework/serializers.py", line 1369, in build_unknown_field
    raise ImproperlyConfigured(
    ...<2 lines>...
    )
django.core.exceptions.ImproperlyConfigured: Field name `plan` is not valid for model `MembershipPlan` in `fitness.serializers.minimalserializers.MinimalMembershipPlanSerializer`.
ERROR | 2026-06-16 07:13:53,010 | django.server | basehttp:213 | "GET /api/schema/ HTTP/1.1" 500 197020
ERROR | 2026-06-16 07:42:18,218 | django.request | log:248 | Internal Server Error: /fitness/membership_dropdown/
Traceback (most recent call last):
  File "/home/mrazim/Projects/DRF/env/lib64/python3.13/site-packages/django/core/handlers/exception.py", line 55, in inner
    response = get_response(request)
  File "/home/mrazim/Projects/DRF/env/lib64/python3.13/site-packages/django/core/handlers/base.py", line 197, in _get_response
    response = wrapped_callback(request, *callback_args, **callback_kwargs)
  File "/home/mrazim/Projects/DRF/env/lib64/python3.13/site-packages/django/views/decorators/csrf.py", line 65, in _view_wrapper
    return view_func(request, *args, **kwargs)
  File "/home/mrazim/Projects/DRF/env/lib64/python3.13/site-packages/rest_framework/viewsets.py", line 125, in view
    return self.dispatch(request, *args, **kwargs)
           ~~~~~~~~~~~~~^^^^^^^^^^^^^^^^^^^^^^^^^^
  File "/home/mrazim/Projects/DRF/env/lib64/python3.13/site-packages/rest_framework/views.py", line 515, in dispatch
    response = self.handle_exception(exc)
  File "/home/mrazim/Projects/DRF/env/lib64/python3.13/site-packages/rest_framework/views.py", line 475, in handle_exception
    self.raise_uncaught_exception(exc)
    ~~~~~~~~~~~~~~~~~~~~~~~~~~~~~^^^^^
  File "/home/mrazim/Projects/DRF/env/lib64/python3.13/site-packages/rest_framework/views.py", line 486, in raise_uncaught_exception
    raise exc
  File "/home/mrazim/Projects/DRF/env/lib64/python3.13/site-packages/rest_framework/views.py", line 503, in dispatch
    self.initial(request, *args, **kwargs)
    ~~~~~~~~~~~~^^^^^^^^^^^^^^^^^^^^^^^^^^
  File "/home/mrazim/Projects/DRF/env/lib64/python3.13/site-packages/rest_framework/views.py", line 421, in initial
    self.check_permissions(request)
    ~~~~~~~~~~~~~~~~~~~~~~^^^^^^^^^
  File "/home/mrazim/Projects/DRF/env/lib64/python3.13/site-packages/rest_framework/views.py", line 338, in check_permissions
    if not permission.has_permission(request, self):
           ~~~~~~~~~~~~~~~~~~~~~~~~~^^^^^^^^^^^^^^^
  File "/home/mrazim/Projects/DRF/env/lib64/python3.13/site-packages/rest_framework/permissions.py", line 243, in has_permission
    queryset = self._queryset(view)
  File "/home/mrazim/Projects/DRF/env/lib64/python3.13/site-packages/rest_framework/permissions.py", line 226, in _queryset
    queryset = view.get_queryset()
  File "/home/mrazim/Projects/DRF/gym-erp-management/fitness/views.py", line 32, in get_queryset
    company=user.company_id,
            ^^^^^^^^^^^^^^^
AttributeError: 'AnonymousUser' object has no attribute 'company_id'
ERROR | 2026-06-16 07:42:18,225 | django.server | basehttp:213 | "GET /fitness/membership_dropdown/ HTTP/1.1" 500 122514
ERROR | 2026-06-19 01:22:17,181 | django.request | log:248 | Internal Server Error: /fitness/membership_dropdown/
Traceback (most recent call last):
  File "/home/mrazim/Projects/DRF/env/lib64/python3.13/site-packages/django/core/handlers/exception.py", line 55, in inner
    response = get_response(request)
  File "/home/mrazim/Projects/DRF/env/lib64/python3.13/site-packages/django/core/handlers/base.py", line 197, in _get_response
    response = wrapped_callback(request, *callback_args, **callback_kwargs)
  File "/home/mrazim/Projects/DRF/env/lib64/python3.13/site-packages/django/views/decorators/csrf.py", line 65, in _view_wrapper
    return view_func(request, *args, **kwargs)
  File "/home/mrazim/Projects/DRF/env/lib64/python3.13/site-packages/rest_framework/viewsets.py", line 125, in view
    return self.dispatch(request, *args, **kwargs)
           ~~~~~~~~~~~~~^^^^^^^^^^^^^^^^^^^^^^^^^^
  File "/home/mrazim/Projects/DRF/env/lib64/python3.13/site-packages/rest_framework/views.py", line 515, in dispatch
    response = self.handle_exception(exc)
  File "/home/mrazim/Projects/DRF/env/lib64/python3.13/site-packages/rest_framework/views.py", line 475, in handle_exception
    self.raise_uncaught_exception(exc)
    ~~~~~~~~~~~~~~~~~~~~~~~~~~~~~^^^^^
  File "/home/mrazim/Projects/DRF/env/lib64/python3.13/site-packages/rest_framework/views.py", line 486, in raise_uncaught_exception
    raise exc
  File "/home/mrazim/Projects/DRF/env/lib64/python3.13/site-packages/rest_framework/views.py", line 503, in dispatch
    self.initial(request, *args, **kwargs)
    ~~~~~~~~~~~~^^^^^^^^^^^^^^^^^^^^^^^^^^
  File "/home/mrazim/Projects/DRF/env/lib64/python3.13/site-packages/rest_framework/views.py", line 421, in initial
    self.check_permissions(request)
    ~~~~~~~~~~~~~~~~~~~~~~^^^^^^^^^
  File "/home/mrazim/Projects/DRF/env/lib64/python3.13/site-packages/rest_framework/views.py", line 338, in check_permissions
    if not permission.has_permission(request, self):
           ~~~~~~~~~~~~~~~~~~~~~~~~~^^^^^^^^^^^^^^^
  File "/home/mrazim/Projects/DRF/env/lib64/python3.13/site-packages/rest_framework/permissions.py", line 243, in has_permission
    queryset = self._queryset(view)
  File "/home/mrazim/Projects/DRF/env/lib64/python3.13/site-packages/rest_framework/permissions.py", line 226, in _queryset
    queryset = view.get_queryset()
  File "/home/mrazim/Projects/DRF/gym-erp-management/fitness/views.py", line 32, in get_queryset
    company=user.company_id,
            ^^^^^^^^^^^^^^^
AttributeError: 'AnonymousUser' object has no attribute 'company_id'
ERROR | 2026-06-19 01:22:17,186 | django.server | basehttp:213 | "GET /fitness/membership_dropdown/ HTTP/1.1" 500 122514
ERROR | 2026-06-21 07:58:55,819 | django.request | log:248 | Internal Server Error: /fitness/membership_dropdown/
Traceback (most recent call last):
  File "/home/mrazim/Projects/DRF/env/lib64/python3.13/site-packages/django/core/handlers/exception.py", line 55, in inner
    response = get_response(request)
  File "/home/mrazim/Projects/DRF/env/lib64/python3.13/site-packages/django/core/handlers/base.py", line 197, in _get_response
    response = wrapped_callback(request, *callback_args, **callback_kwargs)
  File "/home/mrazim/Projects/DRF/env/lib64/python3.13/site-packages/django/views/decorators/csrf.py", line 65, in _view_wrapper
    return view_func(request, *args, **kwargs)
  File "/home/mrazim/Projects/DRF/env/lib64/python3.13/site-packages/rest_framework/viewsets.py", line 125, in view
    return self.dispatch(request, *args, **kwargs)
           ~~~~~~~~~~~~~^^^^^^^^^^^^^^^^^^^^^^^^^^
  File "/home/mrazim/Projects/DRF/env/lib64/python3.13/site-packages/rest_framework/views.py", line 515, in dispatch
    response = self.handle_exception(exc)
  File "/home/mrazim/Projects/DRF/env/lib64/python3.13/site-packages/rest_framework/views.py", line 475, in handle_exception
    self.raise_uncaught_exception(exc)
    ~~~~~~~~~~~~~~~~~~~~~~~~~~~~~^^^^^
  File "/home/mrazim/Projects/DRF/env/lib64/python3.13/site-packages/rest_framework/views.py", line 486, in raise_uncaught_exception
    raise exc
  File "/home/mrazim/Projects/DRF/env/lib64/python3.13/site-packages/rest_framework/views.py", line 503, in dispatch
    self.initial(request, *args, **kwargs)
    ~~~~~~~~~~~~^^^^^^^^^^^^^^^^^^^^^^^^^^
  File "/home/mrazim/Projects/DRF/env/lib64/python3.13/site-packages/rest_framework/views.py", line 421, in initial
    self.check_permissions(request)
    ~~~~~~~~~~~~~~~~~~~~~~^^^^^^^^^
  File "/home/mrazim/Projects/DRF/env/lib64/python3.13/site-packages/rest_framework/views.py", line 338, in check_permissions
    if not permission.has_permission(request, self):
           ~~~~~~~~~~~~~~~~~~~~~~~~~^^^^^^^^^^^^^^^
  File "/home/mrazim/Projects/DRF/env/lib64/python3.13/site-packages/rest_framework/permissions.py", line 243, in has_permission
    queryset = self._queryset(view)
  File "/home/mrazim/Projects/DRF/env/lib64/python3.13/site-packages/rest_framework/permissions.py", line 226, in _queryset
    queryset = view.get_queryset()
  File "/home/mrazim/Projects/DRF/gym-erp-management/fitness/views.py", line 32, in get_queryset
    company=user.company_id,
            ^^^^^^^^^^^^^^^
AttributeError: 'AnonymousUser' object has no attribute 'company_id'
ERROR | 2026-06-21 07:58:55,828 | django.server | basehttp:213 | "GET /fitness/membership_dropdown/ HTTP/1.1" 500 121814
ERROR | 2026-06-21 07:58:58,331 | django.request | log:248 | Internal Server Error: /fitness/membership_dropdown/
Traceback (most recent call last):
  File "/home/mrazim/Projects/DRF/env/lib64/python3.13/site-packages/django/core/handlers/exception.py", line 55, in inner
    response = get_response(request)
  File "/home/mrazim/Projects/DRF/env/lib64/python3.13/site-packages/django/core/handlers/base.py", line 197, in _get_response
    response = wrapped_callback(request, *callback_args, **callback_kwargs)
  File "/home/mrazim/Projects/DRF/env/lib64/python3.13/site-packages/django/views/decorators/csrf.py", line 65, in _view_wrapper
    return view_func(request, *args, **kwargs)
  File "/home/mrazim/Projects/DRF/env/lib64/python3.13/site-packages/rest_framework/viewsets.py", line 125, in view
    return self.dispatch(request, *args, **kwargs)
           ~~~~~~~~~~~~~^^^^^^^^^^^^^^^^^^^^^^^^^^
  File "/home/mrazim/Projects/DRF/env/lib64/python3.13/site-packages/rest_framework/views.py", line 515, in dispatch
    response = self.handle_exception(exc)
  File "/home/mrazim/Projects/DRF/env/lib64/python3.13/site-packages/rest_framework/views.py", line 475, in handle_exception
    self.raise_uncaught_exception(exc)
    ~~~~~~~~~~~~~~~~~~~~~~~~~~~~~^^^^^
  File "/home/mrazim/Projects/DRF/env/lib64/python3.13/site-packages/rest_framework/views.py", line 486, in raise_uncaught_exception
    raise exc
  File "/home/mrazim/Projects/DRF/env/lib64/python3.13/site-packages/rest_framework/views.py", line 503, in dispatch
    self.initial(request, *args, **kwargs)
    ~~~~~~~~~~~~^^^^^^^^^^^^^^^^^^^^^^^^^^
  File "/home/mrazim/Projects/DRF/env/lib64/python3.13/site-packages/rest_framework/views.py", line 421, in initial
    self.check_permissions(request)
    ~~~~~~~~~~~~~~~~~~~~~~^^^^^^^^^
  File "/home/mrazim/Projects/DRF/env/lib64/python3.13/site-packages/rest_framework/views.py", line 338, in check_permissions
    if not permission.has_permission(request, self):
           ~~~~~~~~~~~~~~~~~~~~~~~~~^^^^^^^^^^^^^^^
  File "/home/mrazim/Projects/DRF/env/lib64/python3.13/site-packages/rest_framework/permissions.py", line 243, in has_permission
    queryset = self._queryset(view)
  File "/home/mrazim/Projects/DRF/env/lib64/python3.13/site-packages/rest_framework/permissions.py", line 226, in _queryset
    queryset = view.get_queryset()
  File "/home/mrazim/Projects/DRF/gym-erp-management/fitness/views.py", line 32, in get_queryset
    company=user.company_id,
            ^^^^^^^^^^^^^^^
AttributeError: 'AnonymousUser' object has no attribute 'company_id'
ERROR | 2026-06-21 07:58:58,337 | django.server | basehttp:213 | "GET /fitness/membership_dropdown/ HTTP/1.1" 500 121814
ERROR | 2026-09-20 15:11:26,148 | django.request | log:248 | Internal Server Error: /authentication/login/
Traceback (most recent call last):
  File "/home/mrazim/Projects/DRF/env/lib64/python3.13/site-packages/django/db/backends/utils.py", line 105, in _execute
    return self.cursor.execute(sql, params)
           ~~~~~~~~~~~~~~~~~~~^^^^^^^^^^^^^
psycopg2.errors.UndefinedTable: relation "user_user" does not exist
LINE 1: ...er_user"."branch_id", "user_user"."is_staff" FROM "user_user...
                                                             ^


The above exception was the direct cause of the following exception:

Traceback (most recent call last):
  File "/home/mrazim/Projects/DRF/env/lib64/python3.13/site-packages/django/core/handlers/exception.py", line 55, in inner
    response = get_response(request)
  File "/home/mrazim/Projects/DRF/env/lib64/python3.13/site-packages/django/core/handlers/base.py", line 197, in _get_response
    response = wrapped_callback(request, *callback_args, **callback_kwargs)
  File "/home/mrazim/Projects/DRF/env/lib64/python3.13/site-packages/django/views/decorators/csrf.py", line 65, in _view_wrapper
    return view_func(request, *args, **kwargs)
  File "/home/mrazim/Projects/DRF/env/lib64/python3.13/site-packages/django/views/generic/base.py", line 104, in view
    return self.dispatch(request, *args, **kwargs)
           ~~~~~~~~~~~~~^^^^^^^^^^^^^^^^^^^^^^^^^^
  File "/home/mrazim/Projects/DRF/env/lib64/python3.13/site-packages/rest_framework/views.py", line 515, in dispatch
    response = self.handle_exception(exc)
  File "/home/mrazim/Projects/DRF/env/lib64/python3.13/site-packages/rest_framework/views.py", line 475, in handle_exception
    self.raise_uncaught_exception(exc)
    ~~~~~~~~~~~~~~~~~~~~~~~~~~~~~^^^^^
  File "/home/mrazim/Projects/DRF/env/lib64/python3.13/site-packages/rest_framework/views.py", line 486, in raise_uncaught_exception
    raise exc
  File "/home/mrazim/Projects/DRF/env/lib64/python3.13/site-packages/rest_framework/views.py", line 512, in dispatch
    response = handler(request, *args, **kwargs)
  File "/home/mrazim/Projects/DRF/gym-erp-management/authentication/views.py", line 24, in post
    if serializer.is_valid():
       ~~~~~~~~~~~~~~~~~~~^^
  File "/home/mrazim/Projects/DRF/env/lib64/python3.13/site-packages/rest_framework/serializers.py", line 225, in is_valid
    self._validated_data = self.run_validation(self.initial_data)
                           ~~~~~~~~~~~~~~~~~~~^^^^^^^^^^^^^^^^^^^
  File "/home/mrazim/Projects/DRF/env/lib64/python3.13/site-packages/rest_framework/serializers.py", line 447, in run_validation
    value = self.validate(value)
  File "/home/mrazim/Projects/DRF/gym-erp-management/authentication/serializers/serializers.py", line 29, in validate
    user_obj = User.objects.filter(email=email).first()
  File "/home/mrazim/Projects/DRF/env/lib64/python3.13/site-packages/django/db/models/query.py", line 1104, in first
    for obj in queryset[:1]:
               ~~~~~~~~^^^^
  File "/home/mrazim/Projects/DRF/env/lib64/python3.13/site-packages/django/db/models/query.py", line 384, in __iter__
    self._fetch_all()
    ~~~~~~~~~~~~~~~^^
  File "/home/mrazim/Projects/DRF/env/lib64/python3.13/site-packages/django/db/models/query.py", line 1935, in _fetch_all
    self._result_cache = list(self._iterable_class(self))
                         ~~~~^^^^^^^^^^^^^^^^^^^^^^^^^^^^
  File "/home/mrazim/Projects/DRF/env/lib64/python3.13/site-packages/django/db/models/query.py", line 91, in __iter__
    results = compiler.execute_sql(
        chunked_fetch=self.chunked_fetch, chunk_size=self.chunk_size
    )
  File "/home/mrazim/Projects/DRF/env/lib64/python3.13/site-packages/django/db/models/sql/compiler.py", line 1622, in execute_sql
    cursor.execute(sql, params)
    ~~~~~~~~~~~~~~^^^^^^^^^^^^^
  File "/home/mrazim/Projects/DRF/env/lib64/python3.13/site-packages/django/db/backends/utils.py", line 122, in execute
    return super().execute(sql, params)
           ~~~~~~~~~~~~~~~^^^^^^^^^^^^^
  File "/home/mrazim/Projects/DRF/env/lib64/python3.13/site-packages/django/db/backends/utils.py", line 79, in execute
    return self._execute_with_wrappers(
           ~~~~~~~~~~~~~~~~~~~~~~~~~~~^
        sql, params, many=False, executor=self._execute
        ^^^^^^^^^^^^^^^^^^^^^^^^^^^^^^^^^^^^^^^^^^^^^^^
    )
    ^
  File "/home/mrazim/Projects/DRF/env/lib64/python3.13/site-packages/django/db/backends/utils.py", line 92, in _execute_with_wrappers
    return executor(sql, params, many, context)
  File "/home/mrazim/Projects/DRF/env/lib64/python3.13/site-packages/django/db/backends/utils.py", line 100, in _execute
    with self.db.wrap_database_errors:
         ^^^^^^^^^^^^^^^^^^^^^^^^^^^^
  File "/home/mrazim/Projects/DRF/env/lib64/python3.13/site-packages/django/db/utils.py", line 91, in __exit__
    raise dj_exc_value.with_traceback(traceback) from exc_value
  File "/home/mrazim/Projects/DRF/env/lib64/python3.13/site-packages/django/db/backends/utils.py", line 105, in _execute
    return self.cursor.execute(sql, params)
           ~~~~~~~~~~~~~~~~~~~^^^^^^^^^^^^^
django.db.utils.ProgrammingError: relation "user_user" does not exist
LINE 1: ...er_user"."branch_id", "user_user"."is_staff" FROM "user_user...
                                                             ^

ERROR | 2026-09-20 15:11:26,155 | django.server | basehttp:213 | "POST /authentication/login/ HTTP/1.1" 500 187119
ERROR | 2026-09-20 15:11:45,326 | django.request | log:248 | Internal Server Error: /authentication/login/
Traceback (most recent call last):
  File "/home/mrazim/Projects/DRF/env/lib64/python3.13/site-packages/django/db/backends/utils.py", line 105, in _execute
    return self.cursor.execute(sql, params)
           ~~~~~~~~~~~~~~~~~~~^^^^^^^^^^^^^
psycopg2.errors.UndefinedTable: relation "user_user" does not exist
LINE 1: ...er_user"."branch_id", "user_user"."is_staff" FROM "user_user...
                                                             ^


The above exception was the direct cause of the following exception:

Traceback (most recent call last):
  File "/home/mrazim/Projects/DRF/env/lib64/python3.13/site-packages/django/core/handlers/exception.py", line 55, in inner
    response = get_response(request)
  File "/home/mrazim/Projects/DRF/env/lib64/python3.13/site-packages/django/core/handlers/base.py", line 197, in _get_response
    response = wrapped_callback(request, *callback_args, **callback_kwargs)
  File "/home/mrazim/Projects/DRF/env/lib64/python3.13/site-packages/django/views/decorators/csrf.py", line 65, in _view_wrapper
    return view_func(request, *args, **kwargs)
  File "/home/mrazim/Projects/DRF/env/lib64/python3.13/site-packages/django/views/generic/base.py", line 104, in view
    return self.dispatch(request, *args, **kwargs)
           ~~~~~~~~~~~~~^^^^^^^^^^^^^^^^^^^^^^^^^^
  File "/home/mrazim/Projects/DRF/env/lib64/python3.13/site-packages/rest_framework/views.py", line 515, in dispatch
    response = self.handle_exception(exc)
  File "/home/mrazim/Projects/DRF/env/lib64/python3.13/site-packages/rest_framework/views.py", line 475, in handle_exception
    self.raise_uncaught_exception(exc)
    ~~~~~~~~~~~~~~~~~~~~~~~~~~~~~^^^^^
  File "/home/mrazim/Projects/DRF/env/lib64/python3.13/site-packages/rest_framework/views.py", line 486, in raise_uncaught_exception
    raise exc
  File "/home/mrazim/Projects/DRF/env/lib64/python3.13/site-packages/rest_framework/views.py", line 512, in dispatch
    response = handler(request, *args, **kwargs)
  File "/home/mrazim/Projects/DRF/gym-erp-management/authentication/views.py", line 24, in post
    if serializer.is_valid():
       ~~~~~~~~~~~~~~~~~~~^^
  File "/home/mrazim/Projects/DRF/env/lib64/python3.13/site-packages/rest_framework/serializers.py", line 225, in is_valid
    self._validated_data = self.run_validation(self.initial_data)
                           ~~~~~~~~~~~~~~~~~~~^^^^^^^^^^^^^^^^^^^
  File "/home/mrazim/Projects/DRF/env/lib64/python3.13/site-packages/rest_framework/serializers.py", line 447, in run_validation
    value = self.validate(value)
  File "/home/mrazim/Projects/DRF/gym-erp-management/authentication/serializers/serializers.py", line 29, in validate
    user_obj = User.objects.filter(email=email).first()
  File "/home/mrazim/Projects/DRF/env/lib64/python3.13/site-packages/django/db/models/query.py", line 1104, in first
    for obj in queryset[:1]:
               ~~~~~~~~^^^^
  File "/home/mrazim/Projects/DRF/env/lib64/python3.13/site-packages/django/db/models/query.py", line 384, in __iter__
    self._fetch_all()
    ~~~~~~~~~~~~~~~^^
  File "/home/mrazim/Projects/DRF/env/lib64/python3.13/site-packages/django/db/models/query.py", line 1935, in _fetch_all
    self._result_cache = list(self._iterable_class(self))
                         ~~~~^^^^^^^^^^^^^^^^^^^^^^^^^^^^
  File "/home/mrazim/Projects/DRF/env/lib64/python3.13/site-packages/django/db/models/query.py", line 91, in __iter__
    results = compiler.execute_sql(
        chunked_fetch=self.chunked_fetch, chunk_size=self.chunk_size
    )
  File "/home/mrazim/Projects/DRF/env/lib64/python3.13/site-packages/django/db/models/sql/compiler.py", line 1622, in execute_sql
    cursor.execute(sql, params)
    ~~~~~~~~~~~~~~^^^^^^^^^^^^^
  File "/home/mrazim/Projects/DRF/env/lib64/python3.13/site-packages/django/db/backends/utils.py", line 122, in execute
    return super().execute(sql, params)
           ~~~~~~~~~~~~~~~^^^^^^^^^^^^^
  File "/home/mrazim/Projects/DRF/env/lib64/python3.13/site-packages/django/db/backends/utils.py", line 79, in execute
    return self._execute_with_wrappers(
           ~~~~~~~~~~~~~~~~~~~~~~~~~~~^
        sql, params, many=False, executor=self._execute
        ^^^^^^^^^^^^^^^^^^^^^^^^^^^^^^^^^^^^^^^^^^^^^^^
    )
    ^
  File "/home/mrazim/Projects/DRF/env/lib64/python3.13/site-packages/django/db/backends/utils.py", line 92, in _execute_with_wrappers
    return executor(sql, params, many, context)
  File "/home/mrazim/Projects/DRF/env/lib64/python3.13/site-packages/django/db/backends/utils.py", line 100, in _execute
    with self.db.wrap_database_errors:
         ^^^^^^^^^^^^^^^^^^^^^^^^^^^^
  File "/home/mrazim/Projects/DRF/env/lib64/python3.13/site-packages/django/db/utils.py", line 91, in __exit__
    raise dj_exc_value.with_traceback(traceback) from exc_value
  File "/home/mrazim/Projects/DRF/env/lib64/python3.13/site-packages/django/db/backends/utils.py", line 105, in _execute
    return self.cursor.execute(sql, params)
           ~~~~~~~~~~~~~~~~~~~^^^^^^^^^^^^^
django.db.utils.ProgrammingError: relation "user_user" does not exist
LINE 1: ...er_user"."branch_id", "user_user"."is_staff" FROM "user_user...
                                                             ^

ERROR | 2026-09-20 15:11:45,332 | django.server | basehttp:213 | "POST /authentication/login/ HTTP/1.1" 500 187137
ERROR | 2026-09-20 15:20:07,563 | django.request | log:248 | Internal Server Error: /authentication/login/
Traceback (most recent call last):
  File "/home/mrazim/Projects/DRF/env/lib64/python3.13/site-packages/django/db/backends/utils.py", line 105, in _execute
    return self.cursor.execute(sql, params)
           ~~~~~~~~~~~~~~~~~~~^^^^^^^^^^^^^
psycopg2.errors.UndefinedTable: relation "user_user" does not exist
LINE 1: ...er_user"."branch_id", "user_user"."is_staff" FROM "user_user...
                                                             ^


The above exception was the direct cause of the following exception:

Traceback (most recent call last):
  File "/home/mrazim/Projects/DRF/env/lib64/python3.13/site-packages/django/core/handlers/exception.py", line 55, in inner
    response = get_response(request)
  File "/home/mrazim/Projects/DRF/env/lib64/python3.13/site-packages/django/core/handlers/base.py", line 197, in _get_response
    response = wrapped_callback(request, *callback_args, **callback_kwargs)
  File "/home/mrazim/Projects/DRF/env/lib64/python3.13/site-packages/django/views/decorators/csrf.py", line 65, in _view_wrapper
    return view_func(request, *args, **kwargs)
  File "/home/mrazim/Projects/DRF/env/lib64/python3.13/site-packages/django/views/generic/base.py", line 104, in view
    return self.dispatch(request, *args, **kwargs)
           ~~~~~~~~~~~~~^^^^^^^^^^^^^^^^^^^^^^^^^^
  File "/home/mrazim/Projects/DRF/env/lib64/python3.13/site-packages/rest_framework/views.py", line 515, in dispatch
    response = self.handle_exception(exc)
  File "/home/mrazim/Projects/DRF/env/lib64/python3.13/site-packages/rest_framework/views.py", line 475, in handle_exception
    self.raise_uncaught_exception(exc)
    ~~~~~~~~~~~~~~~~~~~~~~~~~~~~~^^^^^
  File "/home/mrazim/Projects/DRF/env/lib64/python3.13/site-packages/rest_framework/views.py", line 486, in raise_uncaught_exception
    raise exc
  File "/home/mrazim/Projects/DRF/env/lib64/python3.13/site-packages/rest_framework/views.py", line 512, in dispatch
    response = handler(request, *args, **kwargs)
  File "/home/mrazim/Projects/DRF/gym-erp-management/authentication/views.py", line 24, in post
    if serializer.is_valid():
       ~~~~~~~~~~~~~~~~~~~^^
  File "/home/mrazim/Projects/DRF/env/lib64/python3.13/site-packages/rest_framework/serializers.py", line 225, in is_valid
    self._validated_data = self.run_validation(self.initial_data)
                           ~~~~~~~~~~~~~~~~~~~^^^^^^^^^^^^^^^^^^^
  File "/home/mrazim/Projects/DRF/env/lib64/python3.13/site-packages/rest_framework/serializers.py", line 447, in run_validation
    value = self.validate(value)
  File "/home/mrazim/Projects/DRF/gym-erp-management/authentication/serializers/serializers.py", line 29, in validate
    user_obj = User.objects.filter(email=email).first()
  File "/home/mrazim/Projects/DRF/env/lib64/python3.13/site-packages/django/db/models/query.py", line 1104, in first
    for obj in queryset[:1]:
               ~~~~~~~~^^^^
  File "/home/mrazim/Projects/DRF/env/lib64/python3.13/site-packages/django/db/models/query.py", line 384, in __iter__
    self._fetch_all()
    ~~~~~~~~~~~~~~~^^
  File "/home/mrazim/Projects/DRF/env/lib64/python3.13/site-packages/django/db/models/query.py", line 1935, in _fetch_all
    self._result_cache = list(self._iterable_class(self))
                         ~~~~^^^^^^^^^^^^^^^^^^^^^^^^^^^^
  File "/home/mrazim/Projects/DRF/env/lib64/python3.13/site-packages/django/db/models/query.py", line 91, in __iter__
    results = compiler.execute_sql(
        chunked_fetch=self.chunked_fetch, chunk_size=self.chunk_size
    )
  File "/home/mrazim/Projects/DRF/env/lib64/python3.13/site-packages/django/db/models/sql/compiler.py", line 1622, in execute_sql
    cursor.execute(sql, params)
    ~~~~~~~~~~~~~~^^^^^^^^^^^^^
  File "/home/mrazim/Projects/DRF/env/lib64/python3.13/site-packages/django/db/backends/utils.py", line 122, in execute
    return super().execute(sql, params)
           ~~~~~~~~~~~~~~~^^^^^^^^^^^^^
  File "/home/mrazim/Projects/DRF/env/lib64/python3.13/site-packages/django/db/backends/utils.py", line 79, in execute
    return self._execute_with_wrappers(
           ~~~~~~~~~~~~~~~~~~~~~~~~~~~^
        sql, params, many=False, executor=self._execute
        ^^^^^^^^^^^^^^^^^^^^^^^^^^^^^^^^^^^^^^^^^^^^^^^
    )
    ^
  File "/home/mrazim/Projects/DRF/env/lib64/python3.13/site-packages/django/db/backends/utils.py", line 92, in _execute_with_wrappers
    return executor(sql, params, many, context)
  File "/home/mrazim/Projects/DRF/env/lib64/python3.13/site-packages/django/db/backends/utils.py", line 100, in _execute
    with self.db.wrap_database_errors:
         ^^^^^^^^^^^^^^^^^^^^^^^^^^^^
  File "/home/mrazim/Projects/DRF/env/lib64/python3.13/site-packages/django/db/utils.py", line 91, in __exit__
    raise dj_exc_value.with_traceback(traceback) from exc_value
  File "/home/mrazim/Projects/DRF/env/lib64/python3.13/site-packages/django/db/backends/utils.py", line 105, in _execute
    return self.cursor.execute(sql, params)
           ~~~~~~~~~~~~~~~~~~~^^^^^^^^^^^^^
django.db.utils.ProgrammingError: relation "user_user" does not exist
LINE 1: ...er_user"."branch_id", "user_user"."is_staff" FROM "user_user...
                                                             ^

ERROR | 2026-09-20 15:20:07,577 | django.server | basehttp:213 | "POST /authentication/login/ HTTP/1.1" 500 187162
ERROR | 2026-09-20 15:22:57,916 | django.request | log:248 | Internal Server Error: /authentication/login/
Traceback (most recent call last):
  File "/home/mrazim/Projects/DRF/env/lib64/python3.13/site-packages/django/db/backends/utils.py", line 105, in _execute
    return self.cursor.execute(sql, params)
           ~~~~~~~~~~~~~~~~~~~^^^^^^^^^^^^^
psycopg2.errors.UndefinedTable: relation "user_user" does not exist
LINE 1: ...er_user"."branch_id", "user_user"."is_staff" FROM "user_user...
                                                             ^


The above exception was the direct cause of the following exception:

Traceback (most recent call last):
  File "/home/mrazim/Projects/DRF/env/lib64/python3.13/site-packages/django/core/handlers/exception.py", line 55, in inner
    response = get_response(request)
  File "/home/mrazim/Projects/DRF/env/lib64/python3.13/site-packages/django/core/handlers/base.py", line 197, in _get_response
    response = wrapped_callback(request, *callback_args, **callback_kwargs)
  File "/home/mrazim/Projects/DRF/env/lib64/python3.13/site-packages/django/views/decorators/csrf.py", line 65, in _view_wrapper
    return view_func(request, *args, **kwargs)
  File "/home/mrazim/Projects/DRF/env/lib64/python3.13/site-packages/django/views/generic/base.py", line 104, in view
    return self.dispatch(request, *args, **kwargs)
           ~~~~~~~~~~~~~^^^^^^^^^^^^^^^^^^^^^^^^^^
  File "/home/mrazim/Projects/DRF/env/lib64/python3.13/site-packages/rest_framework/views.py", line 515, in dispatch
    response = self.handle_exception(exc)
  File "/home/mrazim/Projects/DRF/env/lib64/python3.13/site-packages/rest_framework/views.py", line 475, in handle_exception
    self.raise_uncaught_exception(exc)
    ~~~~~~~~~~~~~~~~~~~~~~~~~~~~~^^^^^
  File "/home/mrazim/Projects/DRF/env/lib64/python3.13/site-packages/rest_framework/views.py", line 486, in raise_uncaught_exception
    raise exc
  File "/home/mrazim/Projects/DRF/env/lib64/python3.13/site-packages/rest_framework/views.py", line 512, in dispatch
    response = handler(request, *args, **kwargs)
  File "/home/mrazim/Projects/DRF/gym-erp-management/authentication/views.py", line 24, in post
    if serializer.is_valid():
       ~~~~~~~~~~~~~~~~~~~^^
  File "/home/mrazim/Projects/DRF/env/lib64/python3.13/site-packages/rest_framework/serializers.py", line 225, in is_valid
    self._validated_data = self.run_validation(self.initial_data)
                           ~~~~~~~~~~~~~~~~~~~^^^^^^^^^^^^^^^^^^^
  File "/home/mrazim/Projects/DRF/env/lib64/python3.13/site-packages/rest_framework/serializers.py", line 447, in run_validation
    value = self.validate(value)
  File "/home/mrazim/Projects/DRF/gym-erp-management/authentication/serializers/serializers.py", line 29, in validate
    user_obj = User.objects.filter(email=email).first()
  File "/home/mrazim/Projects/DRF/env/lib64/python3.13/site-packages/django/db/models/query.py", line 1104, in first
    for obj in queryset[:1]:
               ~~~~~~~~^^^^
  File "/home/mrazim/Projects/DRF/env/lib64/python3.13/site-packages/django/db/models/query.py", line 384, in __iter__
    self._fetch_all()
    ~~~~~~~~~~~~~~~^^
  File "/home/mrazim/Projects/DRF/env/lib64/python3.13/site-packages/django/db/models/query.py", line 1935, in _fetch_all
    self._result_cache = list(self._iterable_class(self))
                         ~~~~^^^^^^^^^^^^^^^^^^^^^^^^^^^^
  File "/home/mrazim/Projects/DRF/env/lib64/python3.13/site-packages/django/db/models/query.py", line 91, in __iter__
    results = compiler.execute_sql(
        chunked_fetch=self.chunked_fetch, chunk_size=self.chunk_size
    )
  File "/home/mrazim/Projects/DRF/env/lib64/python3.13/site-packages/django/db/models/sql/compiler.py", line 1622, in execute_sql
    cursor.execute(sql, params)
    ~~~~~~~~~~~~~~^^^^^^^^^^^^^
  File "/home/mrazim/Projects/DRF/env/lib64/python3.13/site-packages/django/db/backends/utils.py", line 122, in execute
    return super().execute(sql, params)
           ~~~~~~~~~~~~~~~^^^^^^^^^^^^^
  File "/home/mrazim/Projects/DRF/env/lib64/python3.13/site-packages/django/db/backends/utils.py", line 79, in execute
    return self._execute_with_wrappers(
           ~~~~~~~~~~~~~~~~~~~~~~~~~~~^
        sql, params, many=False, executor=self._execute
        ^^^^^^^^^^^^^^^^^^^^^^^^^^^^^^^^^^^^^^^^^^^^^^^
    )
    ^
  File "/home/mrazim/Projects/DRF/env/lib64/python3.13/site-packages/django/db/backends/utils.py", line 92, in _execute_with_wrappers
    return executor(sql, params, many, context)
  File "/home/mrazim/Projects/DRF/env/lib64/python3.13/site-packages/django/db/backends/utils.py", line 100, in _execute
    with self.db.wrap_database_errors:
         ^^^^^^^^^^^^^^^^^^^^^^^^^^^^
  File "/home/mrazim/Projects/DRF/env/lib64/python3.13/site-packages/django/db/utils.py", line 91, in __exit__
    raise dj_exc_value.with_traceback(traceback) from exc_value
  File "/home/mrazim/Projects/DRF/env/lib64/python3.13/site-packages/django/db/backends/utils.py", line 105, in _execute
    return self.cursor.execute(sql, params)
           ~~~~~~~~~~~~~~~~~~~^^^^^^^^^^^^^
django.db.utils.ProgrammingError: relation "user_user" does not exist
LINE 1: ...er_user"."branch_id", "user_user"."is_staff" FROM "user_user...
                                                             ^

ERROR | 2026-09-20 15:22:57,925 | django.server | basehttp:213 | "POST /authentication/login/ HTTP/1.1" 500 187249
ERROR | 2026-09-20 15:38:56,841 | django.request | log:248 | Internal Server Error: /authentication/login/
Traceback (most recent call last):
  File "/home/mrazim/Projects/DRF/env/lib64/python3.13/site-packages/django/core/handlers/exception.py", line 55, in inner
    response = get_response(request)
  File "/home/mrazim/Projects/DRF/env/lib64/python3.13/site-packages/django/core/handlers/base.py", line 197, in _get_response
    response = wrapped_callback(request, *callback_args, **callback_kwargs)
  File "/home/mrazim/Projects/DRF/env/lib64/python3.13/site-packages/django/views/decorators/csrf.py", line 65, in _view_wrapper
    return view_func(request, *args, **kwargs)
  File "/home/mrazim/Projects/DRF/env/lib64/python3.13/site-packages/django/views/generic/base.py", line 104, in view
    return self.dispatch(request, *args, **kwargs)
           ~~~~~~~~~~~~~^^^^^^^^^^^^^^^^^^^^^^^^^^
  File "/home/mrazim/Projects/DRF/env/lib64/python3.13/site-packages/rest_framework/views.py", line 515, in dispatch
    response = self.handle_exception(exc)
  File "/home/mrazim/Projects/DRF/env/lib64/python3.13/site-packages/rest_framework/views.py", line 475, in handle_exception
    self.raise_uncaught_exception(exc)
    ~~~~~~~~~~~~~~~~~~~~~~~~~~~~~^^^^^
  File "/home/mrazim/Projects/DRF/env/lib64/python3.13/site-packages/rest_framework/views.py", line 486, in raise_uncaught_exception
    raise exc
  File "/home/mrazim/Projects/DRF/env/lib64/python3.13/site-packages/rest_framework/views.py", line 512, in dispatch
    response = handler(request, *args, **kwargs)
  File "/home/mrazim/Projects/DRF/gym-erp-management/authentication/views.py", line 44, in post
    "user_type": user.userr_type,
                 ^^^^^^^^^^^^^^^
AttributeError: 'User' object has no attribute 'userr_type'
ERROR | 2026-09-20 15:38:56,846 | django.server | basehttp:213 | "POST /authentication/login/ HTTP/1.1" 500 108656
